Activity Type,Date,Favorite,Title,Distance,Calories,Time,Avg HR,Max HR,Aerobic TE,Avg Run Cadence,Max Run Cadence,Avg Pace,Best Pace,Elev Gain,Elev Loss,Avg Stride Length,Avg Vertical Ratio,Avg Vertical Oscillation,Avg Ground Contact Time,Avg GCT Balance,Training Stress ScoreÂ®,Grit,Flow,Climb Time,Bottom Time,Min Temp,Surface Interval,Decompression,Best Lap Time,Number of Laps,Max Temp
Running,27/01/2021 13:39,FALSE,Woking Running,5.41,319,00:29:46,131,145,2.4,159,196,05:30,04:50,16,23,1.13,9.2,10.6,275,50.8% L / 49.2% R,0,0,0,29:46:00,00:00,0,00:00,No,02:13.5,6,0
Running,24/01/2021 08:51,FALSE,Woking Running,5.74,345,00:32:05,137,149,2.8,159,201,05:35,04:46,27,28,1.11,8.9,10.1,278,50.3% L / 49.7% R,0,0,0,32:05:00,00:00,0,00:00,No,04:10.1,6,0
Running,23/01/2021 12:25,FALSE,Woking Running,10.01,647,00:55:21,138,155,3,158,182,05:32,04:20,35,37,1.13,9.1,10.6,278,50.3% L / 49.7% R,0,0,0,55:21:00,00:00,0,00:00,No,00:02.0,11,0
Running,22/01/2021 13:31,FALSE,Woking Running,5.51,327,00:29:54,136,148,2.5,158,190,05:25,04:57,19,26,1.15,9.1,10.7,276,49.8% L / 50.2% R,0,0,0,29:54:00,00:00,0,00:00,No,02:43.5,6,0
Running,21/01/2021 13:03,FALSE,Woking Running,5.4,340,00:29:04,135,151,2.7,158,176,05:23,04:42,25,26,1.16,9.1,10.9,275,50.0% L / 50.0% R,0,0,0,29:04:00,00:00,0,00:00,No,02:11.8,6,0
Running,19/01/2021 13:33,FALSE,Woking Running,4.9,301,00:26:24,133,147,2.4,158,173,05:24,04:36,23,26,1.17,9.3,11.1,276,50.2% L / 49.8% R,0,0,0,26:24:00,00:00,0,00:00,No,05:03.2,5,0
Running,18/01/2021 13:22,FALSE,Woking Running,5.37,325,00:29:00,135,151,2.4,156,174,05:24,04:49,17,24,1.17,9.3,11.2,278,50.0% L / 50.0% R,0,0,0,29:00:00,00:00,0,00:00,No,01:57.5,6,0
Running,17/01/2021 09:33,FALSE,Woking Running,10.01,623,00:54:09,137,158,3,157,192,05:25,04:25,32,32,1.16,9.2,10.8,279,49.9% L / 50.1% R,0,0,0,54:09:00,00:00,0,00:00,No,00:02.6,11,0
Running,15/01/2021 16:02,FALSE,Woking Running,10.02,579,00:57:41,130,148,2.2,155,256,05:46,05:02,32,32,1.12,9.8,11.1,285,50.2% L / 49.8% R,0,0,0,57:41:00,00:00,0,00:00,No,00:04.6,11,0
Running,13/01/2021 13:35,FALSE,Woking Running,4.71,286,00:25:51,131,149,2.3,158,185,05:29,04:42,18,17,1.15,9.5,11.1,276,49.7% L / 50.3% R,0,0,0,25:51:00,00:00,0,00:00,No,03:56.4,5,0
Running,12/01/2021 13:35,FALSE,Woking Running,5.68,359,00:31:37,135,147,2.4,156,194,05:34,04:21,30,31,1.13,9.6,11,280,50.0% L / 50.0% R,0,0,0,31:37:00,00:00,0,00:00,No,03:43.7,6,0
Running,11/01/2021 12:59,FALSE,Woking Running,5.7,364,00:30:32,138,154,2.8,156,178,05:22,04:31,12,16,1.17,9.4,11.2,278,49.6% L / 50.4% R,0,0,0,30:32:00,00:00,0,00:00,No,03:36.6,6,0
Running,10/01/2021 09:37,FALSE,Woking Running,10.01,610,00:56:13,137,155,2.7,156,181,05:37,04:42,21,24,1.13,9.2,10.7,281,50.4% L / 49.6% R,0,0,0,56:13:00,00:00,0,00:00,No,00:01.9,11,0
Running,09/01/2021 09:21,FALSE,Woking Running,10.01,591,00:55:37,138,154,2.5,157,207,05:34,04:37,47,51,1.13,9.2,10.6,278,50.2% L / 49.8% R,0,0,0,55:37:00,00:00,0,00:00,No,00:01.9,11,0
Running,07/01/2021 13:29,FALSE,Woking Running,5.71,339,00:32:21,133,146,2.3,156,180,05:40,04:32,32,37,1.11,9.6,10.9,283,50.3% L / 49.7% R,0,0,0,32:21:00,00:00,0,00:00,No,03:59.1,6,0
Running,05/01/2021 07:50,FALSE,Woking Running,5.68,360,00:32:35,134,147,2.5,157,191,05:44,04:47,31,34,1.1,9.4,10.6,281,50.5% L / 49.5% R,0,0,0,32:35:00,00:00,0,00:00,No,03:48.0,6,0
Running,03/01/2021 09:48,FALSE,Woking Running,5.69,347,00:32:21,132,149,2.4,156,172,05:41,04:56,17,16,1.12,9.4,10.8,282,50.3% L / 49.7% R,0,0,0,32:21:00,00:00,0,00:00,No,03:44.7,6,0
Running,02/01/2021 09:20,FALSE,Woking Running,10.06,612,00:56:26,139,153,2.8,156,179,05:37,05:05,45,46,1.14,9.4,10.9,277,50.0% L / 50.0% R,0,0,0,56:26:00,00:00,0,00:00,No,00:17.8,11,0
Running,01/01/2021 09:37,FALSE,Woking Running,5.73,355,00:31:49,141,155,2.7,156,182,05:33,04:55,35,38,1.15,9.4,11,280,50.3% L / 49.7% R,0,0,0,31:49:00,00:00,0,00:00,No,03:56.3,6,0
Running,31/12/2020 09:24,FALSE,Woking Running,10.02,616,00:58:01,141,156,2.7,155,182,05:47,05:03,52,60,1.11,9.6,10.8,282,50.4% L / 49.6% R,0,0,0,58:01:00,00:00,0,00:00,No,00:04.3,11,0
Running,30/12/2020 09:28,FALSE,Woking Running,5.69,364,00:32:27,135,150,2.6,155,199,05:42,05:09,43,44,1.12,9.7,11.1,284,49.9% L / 50.1% R,0,0,0,32:27:00,00:00,0,00:00,No,03:48.7,6,0
Running,29/12/2020 10:00,FALSE,Woking Running,10.07,652,00:56:33,140,156,3.1,155,190,05:37,04:47,26,25,1.14,9.5,11.1,281,50.6% L / 49.4% R,0,0,0,56:33:00,00:00,0,00:00,No,00:24.8,11,0
Running,28/12/2020 08:43,FALSE,Woking Running,5.68,379,00:32:42,136,150,2.8,155,256,05:45,05:12,20,20,1.11,9.9,11.2,282,50.2% L / 49.8% R,0,0,0,32:42:00,00:00,0,00:00,No,03:48.6,6,0
Running,27/12/2020 12:16,FALSE,Woking Running,10.01,644,00:56:33,138,154,3,155,192,05:39,04:38,30,35,1.13,9.7,11.2,281,49.9% L / 50.1% R,0,0,0,56:33:00,00:00,0,00:00,No,00:02.1,11,0
Running,26/12/2020 12:37,FALSE,Woking Running,5.69,375,00:31:29,137,154,2.9,155,201,05:32,04:40,13,13,1.15,9.5,11.1,281,49.8% L / 50.2% R,0,0,0,31:29:00,00:00,0,00:00,No,03:39.0,6,0
Running,25/12/2020 09:06,FALSE,Woking Running,10.01,609,00:54:43,137,156,3,157,179,05:28,04:50,23,24,1.15,9.2,10.8,277,50.1% L / 49.9% R,0,0,0,54:43:00,00:00,0,00:00,No,00:03.7,11,0
Running,24/12/2020 07:29,FALSE,Woking Running,5.66,358,00:31:58,133,148,2.6,157,175,05:39,04:59,28,27,1.13,9.4,10.9,282,49.7% L / 50.3% R,0,0,0,31:58:00,00:00,0,00:00,No,03:35.6,6,0
Running,23/12/2020 07:30,FALSE,Woking Running,5.66,353,00:32:04,132,147,2.5,157,221,05:40,04:49,27,29,1.1,9.5,10.7,281,49.9% L / 50.1% R,0,0,0,32:04:00,00:00,0,00:00,No,03:36.9,6,0
Running,22/12/2020 07:35,FALSE,Woking Running,5.69,358,00:31:41,134,154,2.7,157,193,05:34,04:38,26,26,1.12,9.6,10.9,281,49.7% L / 50.3% R,0,0,0,31:41:00,00:00,0,00:00,No,03:33.5,6,0
Running,20/12/2020 08:18,FALSE,Woking Running,10.01,622,00:56:10,135,150,2.8,156,181,05:37,04:55,26,25,1.13,9.9,11.4,276,50.1% L / 49.9% R,0,0,0,56:10:00,00:00,0,00:00,No,00:02.1,11,0
Running,19/12/2020 08:24,FALSE,Woking Running,10.01,619,00:55:54,136,152,2.9,157,198,05:35,04:40,39,39,1.13,9.5,11,279,50.1% L / 49.9% R,0,0,0,55:54:00,00:00,0,00:00,No,00:02.6,11,0
Running,17/12/2020 07:35,FALSE,Woking Running,5.67,349,00:32:12,132,147,2.4,156,208,05:41,04:54,18,17,1.11,9.4,10.7,285,50.2% L / 49.8% R,0,0,0,32:12:00,00:00,0,00:00,No,03:43.5,6,0
Running,16/12/2020 07:27,FALSE,Woking Running,5.67,349,00:31:59,131,146,2.4,155,182,05:38,04:46,9,12,1.13,9.4,10.8,285,50.1% L / 49.9% R,0,0,0,31:59:00,00:00,0,00:00,No,00:12.9,7,0
Running,13/12/2020 08:00,FALSE,Woking Running,5.67,335,00:31:35,131,144,2.3,157,181,05:34,04:51,11,14,1.14,9.2,10.6,282,50.2% L / 49.8% R,0,0,0,31:35:00,00:00,0,00:00,No,03:46.3,6,0
Running,12/12/2020 08:41,FALSE,Woking Running,10.01,619,00:56:45,134,149,2.8,156,197,05:40,04:50,48,49,1.12,9.5,10.8,281,50.5% L / 49.5% R,0,0,0,56:45:00,00:00,0,00:00,No,00:03.1,11,0
Running,11/12/2020 07:24,FALSE,Woking Running,5.66,358,00:31:19,133,148,2.7,157,181,05:32,04:45,13,13,1.13,9.5,10.9,279,50.1% L / 49.9% R,0,0,0,31:19:00,00:00,0,00:00,No,03:35.7,6,0
Running,10/12/2020 07:25,FALSE,Woking Running,5.7,343,00:31:35,131,145,2.4,157,175,05:33,04:54,22,21,1.14,9.4,10.8,280,50.2% L / 49.8% R,0,0,0,31:35:00,00:00,0,00:00,No,03:49.8,6,0
Running,09/12/2020 07:24,FALSE,Woking Running,5.72,342,00:31:35,137,148,2.6,157,186,05:31,04:58,29,29,1.14,9.1,10.6,282,50.4% L / 49.6% R,0,0,0,31:35:00,00:00,0,00:00,No,03:54.1,6,0
Running,06/12/2020 14:26,FALSE,Woking Running,7.15,455,00:39:12,136,150,3,155,183,05:29,04:38,23,24,1.17,9.3,11.1,282,50.0% L / 50.0% R,0,0,0,39:12:00,00:00,0,00:00,No,00:49.7,8,0
Running,05/12/2020 09:46,FALSE,Woking Running,10.01,637,00:55:20,140,153,3.1,156,185,05:32,04:57,44,47,1.15,9.4,11,279,49.8% L / 50.2% R,0,0,0,55:20:00,00:00,0,00:00,No,00:02.6,11,0
Running,04/12/2020 13:33,FALSE,Woking Running,10.01,628,00:55:26,136,152,3,156,203,05:32,04:30,47,47,1.15,9.3,10.9,282,50.5% L / 49.5% R,0,0,0,55:26:00,00:00,0,00:00,No,00:03.1,11,0
Running,02/12/2020 07:22,FALSE,Woking Running,5.7,345,00:31:22,131,149,2.5,158,178,05:30,04:52,22,22,1.13,9.1,10.5,279,50.0% L / 50.0% R,0,0,0,31:22:00,00:00,0,00:00,No,03:45.4,6,0
Running,01/12/2020 07:25,FALSE,Woking Running,5.69,349,00:31:25,132,147,2.5,157,220,05:31,04:48,21,25,1.14,9.1,10.6,279,50.2% L / 49.8% R,0,0,0,31:25:00,00:00,0,00:00,No,03:41.9,6,0
Running,29/11/2020 08:45,FALSE,Woking Running,10.01,622,00:53:50,136,156,3.1,158,196,05:23,04:46,44,44,1.16,9.2,10.9,276,50.2% L / 49.8% R,0,0,0,53:50:00,00:00,0,00:00,No,00:02.4,11,0
Running,27/11/2020 07:27,FALSE,Woking Running,5.72,353,00:31:14,132,149,2.6,157,176,05:28,04:42,19,23,1.14,9.3,10.8,280,49.8% L / 50.2% R,0,0,0,31:14:00,00:00,0,00:00,No,03:46.1,6,0
Running,25/11/2020 07:22,FALSE,Woking Running,5.7,354,00:31:04,133,151,2.6,157,223,05:27,04:56,19,18,1.15,9.4,10.8,280,50.2% L / 49.8% R,0,0,0,31:04:00,00:00,0,00:00,No,03:43.4,6,0
Running,24/11/2020 07:33,FALSE,Woking Running,5.69,358,00:30:58,133,151,2.6,157,175,05:26,04:59,16,16,1.14,9.1,10.6,281,49.9% L / 50.1% R,0,0,0,30:58:00,00:00,0,00:00,No,03:41.7,6,0
Running,22/11/2020 09:44,FALSE,Woking Running,6.32,396,00:33:33,136,153,3,156,221,05:19,04:52,24,26,1.2,8.8,10.8,283,50.1% L / 49.9% R,0,0,0,33:33:00,00:00,0,00:00,No,01:37.7,7,0
Running,21/11/2020 08:30,FALSE,Woking Running,10.01,626,00:53:33,137,156,3.2,158,174,05:21,04:43,43,43,1.17,9,10.7,277,50.1% L / 49.9% R,0,0,0,53:33:00,00:00,0,00:00,No,00:02.0,11,0
Running,20/11/2020 07:28,FALSE,Woking Running,5.67,356,00:30:39,135,148,2.7,157,182,05:24,04:57,11,13,1.15,9.3,10.9,280,50.1% L / 49.9% R,0,0,0,30:39:00,00:00,0,00:00,No,03:35.1,6,0
Running,18/11/2020 07:26,FALSE,Woking Running,3.34,209,00:18:49,129,141,2.2,159,209,05:38,05:09,12,12,1.08,9.6,10.5,280,50.0% L / 50.0% R,0,0,0,18:49,00:00,0,00:00,No,01:55.4,4,0
Running,16/11/2020 07:35,FALSE,Woking Running,3.19,190,00:18:24,124,139,2,158,169,05:46,05:14,11,13,1.07,9.5,10.3,283,50.5% L / 49.5% R,0,0,0,18:24,00:00,0,00:00,No,01:04.9,4,0
Running,11/11/2020 08:31,FALSE,Woking Running,9.12,552,00:54:09,128,147,2.7,153,219,05:56,04:52,38,37,1.08,8.8,9.8,296,50.3% L / 49.7% R,0,0,0,54:09:00,00:00,0,00:00,No,00:48.5,10,0
Running,09/11/2020 09:44,FALSE,Woking Running,10.01,626,00:54:11,136,156,3,156,175,05:25,04:49,42,42,1.17,9.2,11,283,50.3% L / 49.7% R,0,0,0,54:11:00,00:00,0,00:00,No,00:01.4,11,0
Running,08/11/2020 08:29,FALSE,Woking Running,10.01,647,00:52:52,138,157,3.3,156,176,05:17,04:35,40,41,1.19,8.9,10.9,281,50.0% L / 50.0% R,0,0,0,52:52:00,00:00,0,00:00,No,00:02.3,11,0
Running,07/11/2020 08:25,FALSE,Woking Running,10.01,610,00:53:18,136,155,3,157,193,05:20,04:39,50,51,1.18,9.1,11,277,50.2% L / 49.8% R,0,0,0,53:18:00,00:00,0,00:00,No,00:02.0,11,0
Running,04/11/2020 14:31,FALSE,Woking Running,10.01,607,00:53:37,135,151,2.8,156,193,05:21,04:38,48,48,1.17,9.2,11,281,50.5% L / 49.5% R,0,0,0,53:37:00,00:00,0,00:00,No,00:01.9,11,0
Running,01/11/2020 08:17,FALSE,Woking Running,10,611,00:53:58,134,157,2.9,157,181,05:24,04:26,51,51,1.16,9.4,11.1,277,50.3% L / 49.7% R,0,0,0,53:58:00,00:00,0,00:00,No,04:59.3,10,0
Running,29/10/2020 07:53,FALSE,Woking Running,10.01,616,00:53:39,136,154,2.9,156,197,05:21,04:41,45,51,1.18,9.3,11.2,278,49.9% L / 50.1% R,0,0,0,53:39:00,00:00,0,00:00,No,00:02.9,11,0
Running,28/10/2020 08:41,FALSE,Woking Running,10.01,603,00:53:55,134,156,2.8,156,189,05:23,04:27,45,45,1.18,9.5,11.4,278,50.2% L / 49.8% R,0,0,0,53:55:00,00:00,0,00:00,No,00:02.2,11,0
Running,27/10/2020 09:47,FALSE,Woking Running,5.66,311,00:32:21,121,140,2,155,197,05:43,05:06,12,12,1.11,9.8,11.1,284,50.2% L / 49.8% R,0,0,0,32:21:00,00:00,0,00:00,No,03:39.5,6,0
Running,24/10/2020 07:53,FALSE,Woking Running,10.01,608,00:54:40,134,154,2.8,156,202,05:28,04:33,49,49,1.16,9.3,11,281,50.0% L / 50.0% R,0,0,0,54:40:00,00:00,0,00:00,No,00:02.3,11,0
Running,23/10/2020 07:23,FALSE,Woking Running,5.71,338,00:31:48,129,146,2.2,157,174,05:34,04:54,12,14,1.13,9.5,10.9,280,50.1% L / 49.9% R,0,0,0,31:48:00,00:00,0,00:00,No,03:46.5,6,0
Running,22/10/2020 07:24,FALSE,Woking Running,5.67,368,00:31:28,133,148,2.6,157,176,05:33,04:56,23,17,1.12,9.6,10.9,279,50.3% L / 49.7% R,0,0,0,31:28:00,00:00,0,00:00,No,03:38.1,6,0
Running,21/10/2020 18:06,FALSE,Woking Running,5,296,00:28:29,127,143,2.1,154,184,05:42,04:59,17,16,1.13,9.8,11.2,287,50.2% L / 49.8% R,0,0,0,28:29:00,00:00,0,00:00,No,05:29.6,5,0
Running,20/10/2020 18:12,FALSE,Woking Running,5.64,367,00:31:43,132,149,2.5,154,205,05:37,05:02,21,20,1.13,9.5,11,287,50.4% L / 49.6% R,0,0,0,31:43:00,00:00,0,00:00,No,03:35.1,6,0
Running,18/10/2020 11:21,FALSE,Woking Running,6.31,403,00:34:31,134,154,2.6,156,210,05:28,04:35,28,28,1.16,9.2,10.9,282,50.1% L / 49.9% R,0,0,0,34:31:00,00:00,0,00:00,No,01:40.1,7,0
Running,17/10/2020 08:28,FALSE,Woking Running,10.08,614,00:54:36,134,149,2.7,157,190,05:25,04:05,42,44,1.16,9.1,10.9,279,50.0% L / 50.0% R,0,0,0,54:36:00,00:00,0,00:00,No,00:23.8,11,0
Running,16/10/2020 07:27,FALSE,Woking Running,5.67,338,00:31:27,129,145,2.2,156,177,05:33,04:18,21,20,1.13,9.6,11,281,50.0% L / 50.0% R,0,0,0,31:27:00,00:00,0,00:00,No,03:31.4,6,0
Running,15/10/2020 07:28,FALSE,Woking Running,5.68,336,00:31:28,129,145,2.2,154,187,05:33,04:59,25,24,1.12,9.7,11,281,49.8% L / 50.2% R,0,0,0,31:28:00,00:00,0,00:00,No,03:38.4,6,0
Running,14/10/2020 07:22,FALSE,Woking Running,5.73,343,00:31:35,129,148,2.3,157,182,05:31,04:55,16,15,1.14,9.4,10.9,280,49.8% L / 50.2% R,0,0,0,31:35:00,00:00,0,00:00,No,03:58.9,6,0
Running,13/10/2020 07:30,FALSE,Woking Running,5.69,348,00:31:32,129,142,2.3,157,172,05:32,05:05,27,25,1.12,9.7,11.1,278,50.4% L / 49.6% R,0,0,0,31:32:00,00:00,0,00:00,No,03:44.0,6,0
Running,11/10/2020 08:30,FALSE,Woking Running,10.01,613,00:54:30,135,152,2.7,156,175,05:27,04:40,43,45,1.17,9.1,10.9,281,50.2% L / 49.8% R,0,0,0,54:30:00,00:00,0,00:00,No,00:02.4,11,0
Running,10/10/2020 08:21,FALSE,Woking Running,10.01,602,00:54:59,134,153,2.5,156,181,05:29,04:44,48,49,1.15,9.4,11.1,278,50.1% L / 49.9% R,0,0,0,54:59:00,00:00,0,00:00,No,00:01.9,11,0
Running,09/10/2020 07:11,FALSE,Woking Running,5.69,362,00:31:11,133,148,2.5,157,179,05:29,04:41,12,15,1.14,9.5,11,277,50.3% L / 49.7% R,0,0,0,31:11:00,00:00,0,00:00,No,03:37.4,6,0
Running,08/10/2020 07:24,FALSE,Woking Running,5.7,371,00:31:27,134,151,2.7,156,208,05:31,04:36,21,20,1.14,9.7,11.2,280,50.2% L / 49.8% R,0,0,0,31:27:00,00:00,0,00:00,No,03:41.3,6,0
Running,07/10/2020 07:22,FALSE,Woking Running,5.67,369,00:31:26,134,150,2.6,157,176,05:32,04:21,8,12,1.13,9.5,10.9,280,50.4% L / 49.6% R,0,0,0,31:26:00,00:00,0,00:00,No,03:37.0,6,0
Running,06/10/2020 07:28,FALSE,Woking Running,5.68,362,00:31:06,135,155,2.6,157,180,05:29,04:35,8,12,1.14,9.3,10.8,279,50.3% L / 49.8% R,0,0,0,31:06:00,00:00,0,00:00,No,03:31.3,6,0
Running,04/10/2020 16:21,FALSE,Woking Running,5.38,331,00:29:04,133,147,2.4,157,184,05:24,04:31,18,20,1.16,9.4,11.1,276,50.5% L / 49.5% R,0,0,0,29:04:00,00:00,0,00:00,No,01:57.7,6,0
Running,03/10/2020 12:27,FALSE,Woking Running,10.1,647,00:55:38,137,156,3,154,183,05:30,04:46,27,33,1.16,9.6,11.3,284,50.2% L / 49.8% R,0,0,0,55:38:00,00:00,0,00:00,No,00:29.6,11,0
Running,02/10/2020 07:24,FALSE,Woking Running,5.66,359,00:30:51,134,154,2.6,156,188,05:27,04:03,18,18,1.16,9.4,11.1,280,50.2% L / 49.8% R,0,0,0,30:51:00,00:00,0,00:00,No,03:28.7,6,0
Running,01/10/2020 17:46,FALSE,Woking Running,5.65,357,00:30:32,133,151,2.5,156,182,05:24,04:21,23,22,1.16,9.3,11.1,280,50.5% L / 49.5% R,0,0,0,30:32:00,00:00,0,00:00,No,03:20.2,6,0
Running,30/09/2020 07:30,FALSE,Woking Running,5.66,359,00:30:53,135,153,2.5,157,180,05:27,03:56,15,15,1.15,9.4,11,279,50.0% L / 50.0% R,0,0,0,30:53:00,00:00,0,00:00,No,03:27.0,6,0
Running,29/09/2020 18:30,FALSE,Woking Running,5.66,378,00:30:59,136,159,2.9,155,203,05:28,04:44,24,23,1.16,9.5,11.2,283,50.4% L / 49.6% R,0,0,0,30:59:00,00:00,0,00:00,No,03:28.5,6,0
Running,27/09/2020 08:43,FALSE,Woking Running,10.01,651,00:53:45,139,155,3.1,157,192,05:22,04:38,43,44,1.16,8.9,10.5,279,50.4% L / 49.6% R,0,0,0,53:45:00,00:00,0,00:00,No,00:02.7,11,0
Running,26/09/2020 09:11,FALSE,Woking Running,10.01,620,00:54:25,136,154,2.8,158,173,05:26,04:38,40,41,1.15,9,10.5,279,50.4% L / 49.6% R,0,0,0,54:25:00,00:00,0,00:00,No,00:01.6,11,0
Running,25/09/2020 18:35,FALSE,Woking Running,5.38,309,00:32:58,125,150,2,148,205,06:08,03:25,6,12,1.08,9.1,9.2,313,50.0% L / 50.0% R,0,0,0,32:58:00,00:00,0,00:00,No,00:30.0,43,0
Running,24/09/2020 18:17,FALSE,Woking Running,5.62,329,00:30:43,129,151,2.2,157,177,05:28,04:17,23,21,1.15,9.1,10.7,281,50.3% L / 49.7% R,0,0,0,30:43:00,00:00,0,00:00,No,03:10.6,6,0
Running,23/09/2020 07:24,FALSE,Woking Running,5.66,360,00:31:01,134,153,2.6,158,178,05:29,04:43,12,12,1.15,9,10.6,279,50.4% L / 49.6% R,0,0,0,31:01:00,00:00,0,00:00,No,00:00.8,8,0
Running,22/09/2020 11:32,FALSE,Woking Running,5.68,348,00:31:20,131,154,2.4,155,170,05:31,04:36,22,21,1.14,9.4,10.9,287,50.5% L / 49.5% R,0,0,0,31:20:00,00:00,0,00:00,No,03:30.1,6,0
Running,18/09/2020 07:13,FALSE,Woking Running,5.67,348,00:30:51,132,153,2.5,158,173,05:27,04:38,17,21,1.15,9.4,11,277,50.0% L / 50.0% R,0,0,0,30:51:00,00:00,0,00:00,No,03:32.8,6,0
Running,17/09/2020 07:22,FALSE,Woking Running,5.68,347,00:31:08,133,150,2.5,156,169,05:29,04:42,9,12,1.15,9.5,11.1,280,49.8% L / 50.2% R,0,0,0,31:08:00,00:00,0,00:00,No,03:38.9,6,0
Running,16/09/2020 18:25,FALSE,Woking Running,5.3,330,00:33:03,130,155,2.3,147,230,06:14,03:22,6,6,1.05,9.3,9.1,320,49.7% L / 50.3% R,0,0,0,33:03:00,00:00,0,00:00,No,00:30.0,43,0
Running,15/09/2020 07:16,FALSE,Woking Running,5.65,367,00:30:38,137,156,2.9,157,172,05:25,03:55,19,18,1.16,9.4,11.1,278,49.5% L / 50.5% R,0,0,0,30:38:00,00:00,0,00:00,No,03:22.2,6,0
Running,13/09/2020 08:32,FALSE,Woking Running,10.01,634,00:54:30,137,157,3.1,156,184,05:27,04:36,49,51,1.16,9.6,11.3,279,50.3% L / 49.7% R,0,0,0,54:30:00,00:00,0,00:00,No,00:01.7,11,0
Running,12/09/2020 07:55,FALSE,Woking Running,5.64,371,00:30:02,139,156,3,157,177,05:20,04:46,22,21,1.17,9.2,10.9,278,50.0% L / 50.0% R,0,0,0,30:02:00,00:00,0,00:00,No,03:20.4,6,0
Running,11/09/2020 18:20,FALSE,Woking Running,7.55,453,00:46:15,130,154,2.4,151,256,06:08,03:41,21,20,1.04,9.4,9.5,304,50.2% L / 49.8% R,0,0,0,46:15:00,00:00,0,00:00,No,00:30.0,53,0
Running,09/09/2020 18:25,FALSE,Woking Running,5.66,355,00:30:59,134,157,2.7,156,216,05:28,04:28,14,14,1.15,9.3,10.9,284,50.3% L / 49.7% R,0,0,0,30:59:00,00:00,0,00:00,No,03:27.9,6,0
Running,08/09/2020 07:38,FALSE,Woking Running,5.64,382,00:30:29,140,159,3.1,157,176,05:24,04:50,17,16,1.16,9.4,11,275,50.1% L / 49.9% R,0,0,0,30:29:00,00:00,0,00:00,No,03:21.6,6,0
Running,06/09/2020 08:35,FALSE,Woking Running,10.01,640,00:54:08,140,155,3.2,157,193,05:24,04:18,36,40,1.16,8.9,10.6,282,50.3% L / 49.7% R,0,0,0,54:08:00,00:00,0,00:00,No,00:01.6,11,0
Running,05/09/2020 08:05,FALSE,Woking Running,8.26,511,00:43:47,138,158,3.1,156,203,05:18,04:45,35,33,1.18,8.9,10.8,282,50.1% L / 49.9% R,0,0,0,43:47:00,00:00,0,00:00,No,01:12.6,9,0
Running,04/09/2020 18:27,FALSE,Woking Running,5.64,331,00:31:52,130,150,2.3,154,171,05:39,04:49,24,23,1.14,9.5,11,289,50.0% L / 50.0% R,0,0,0,31:52:00,00:00,0,00:00,No,03:31.4,6,0
Running,03/09/2020 18:25,FALSE,Woking Running,5.15,323,00:32:09,130,154,2.5,147,202,06:15,03:35,6,6,1.07,9.2,9.1,320,49.5% L / 50.5% R,0,0,0,32:09:00,00:00,0,00:00,No,00:05.3,43,0
Running,02/09/2020 18:23,FALSE,Woking Running,5.66,356,00:30:53,134,157,2.9,156,174,05:28,04:29,11,12,1.15,9.3,10.9,282,50.4% L / 49.6% R,0,0,0,30:53:00,00:00,0,00:00,No,03:24.2,6,0
Running,01/09/2020 07:28,FALSE,Woking Running,5.63,350,00:31:08,134,148,2.6,157,204,05:32,05:02,26,24,1.13,9.3,10.7,281,50.0% L / 50.0% R,0,0,0,31:08:00,00:00,0,00:00,No,03:29.5,6,0
Running,31/08/2020 09:33,FALSE,Woking Running,10.01,644,00:54:35,139,160,3.2,156,199,05:27,04:34,41,42,1.16,9.3,10.9,280,50.7% L / 49.3% R,0,0,0,54:35:00,00:00,0,00:00,No,00:01.5,11,0
Running,29/08/2020 09:22,FALSE,Woking Running,10.01,608,00:53:57,138,156,3,159,182,05:23,04:46,47,49,1.15,9,10.6,276,51.1% L / 48.9% R,0,0,0,53:57:00,00:00,0,00:00,No,00:02.4,11,0
Running,28/08/2020 07:29,FALSE,Woking Running,5.61,363,00:31:10,136,153,2.8,157,182,05:34,04:47,21,20,1.1,9.9,11,279,50.1% L / 49.9% R,0,0,0,31:10:00,00:00,0,00:00,No,03:24.5,6,0
Running,27/08/2020 07:26,FALSE,Woking Running,5.63,368,00:30:55,137,155,3,157,172,05:29,04:40,17,21,1.13,9.4,10.8,280,50.2% L / 49.8% R,0,0,0,30:55:00,00:00,0,00:00,No,03:23.7,6,0
Running,24/08/2020 18:31,FALSE,Woking Running,5.65,376,00:30:55,139,156,3,155,175,05:29,04:59,26,26,1.16,9.3,11,285,50.3% L / 49.7% R,0,0,0,30:55:00,00:00,0,00:00,No,03:26.6,6,0
Running,23/08/2020 08:37,FALSE,Torridge Running,8.08,512,00:46:37,135,157,2.6,156,198,05:46,04:54,113,111,1.1,9.5,10.7,284,50.2% L / 49.8% R,0,0,0,46:37:00,00:00,0,00:00,No,00:23.8,9,0
Running,18/08/2020 07:55,FALSE,Torridge Running,2.21,132,00:12:36,125,138,1.9,152,158,05:43,05:20,11,10,1.13,10.1,11.3,281,50.6% L / 49.4% R,0,0,0,12:36,00:00,0,00:00,No,01:04.2,3,0
Running,17/08/2020 08:11,FALSE,Torridge Running,6.9,423,00:38:25,134,154,2.6,155,175,05:34,04:36,82,86,1.14,9.9,11.3,277,50.3% L / 49.7% R,0,0,0,38:25:00,00:00,0,00:00,No,04:58.8,7,0
Running,16/08/2020 14:46,FALSE,Torridge Running,7.02,420,00:39:21,132,152,2.6,154,192,05:36,04:46,45,42,1.14,10,11.6,281,50.7% L / 49.3% R,0,0,0,39:21:00,00:00,0,00:00,No,00:08.3,8,0
Running,15/08/2020 19:01,FALSE,Torridge Running,5.14,278,00:30:57,119,156,2,151,184,06:01,04:54,59,61,1.09,10.6,11.6,294,49.8% L / 50.3% R,0,0,0,30:57:00,00:00,0,00:00,No,00:41.5,6,0
Running,14/08/2020 18:39,FALSE,Torridge Running,5.11,289,00:30:25,123,144,2,152,176,05:57,04:50,74,74,1.09,10.6,11.7,291,50.1% L / 49.9% R,0,0,0,30:25:00,00:00,0,00:00,No,00:39.3,6,0
Running,08/08/2020 08:25,FALSE,Woking Running,10.1,700,00:59:32,140,163,3.4,153,173,05:53,04:31,40,41,1.13,9.6,11.2,288,50.6% L / 49.4% R,0,0,0,59:32:00,00:00,0,00:00,No,05:11.0,11,0
Running,06/08/2020 07:32,FALSE,Woking Running,5.62,361,00:31:02,134,153,2.6,156,171,05:31,04:54,18,18,1.14,9.6,11.2,279,50.5% L / 49.5% R,0,0,0,31:02:00,00:00,0,00:00,No,03:23.5,6,0
Running,05/08/2020 07:30,FALSE,Woking Running,5.58,349,00:30:47,135,153,2.5,156,182,05:31,04:44,21,20,1.15,9.5,11.1,281,50.2% L / 49.8% R,0,0,0,30:47:00,00:00,0,00:00,No,03:15.6,6,0
Running,04/08/2020 07:24,FALSE,Woking Running,5.6,354,00:30:45,134,151,2.5,156,176,05:29,04:50,20,18,1.15,9.4,11,281,50.0% L / 50.0% R,0,0,0,30:45:00,00:00,0,00:00,No,03:17.5,6,0
Running,03/08/2020 18:20,FALSE,Woking Running,5.58,362,00:30:31,136,154,2.7,155,172,05:28,04:12,33,17,1.15,9.8,11.3,282,50.5% L / 49.5% R,0,0,0,30:31:00,00:00,0,00:00,No,03:07.3,6,0
Running,01/08/2020 09:14,FALSE,Woking Running,10.01,700,00:52:01,147,162,3.7,156,168,05:12,04:40,41,43,1.2,9.3,11.3,275,50.3% L / 49.7% R,0,0,0,52:01:00,00:00,0,00:00,No,00:01.6,11,0
Running,31/07/2020 07:21,FALSE,Woking Running,5.59,345,00:30:43,133,149,2.4,156,166,05:30,04:41,12,10,1.16,0,0,--,--,0,0,0,30:43:00,00:00,0,00:00,No,03:11.5,6,0
Running,30/07/2020 07:31,FALSE,Woking Running,5.62,329,00:31:05,129,141,2.1,156,243,05:32,05:10,25,22,1.16,0,0,--,--,0,0,0,31:05:00,00:00,0,00:00,No,03:23.3,6,0
Running,28/07/2020 17:54,FALSE,Woking Running,5.62,377,00:30:10,141,161,2.8,155,164,05:22,04:37,212,218,1.2,0,0,--,--,0,0,0,30:10:00,00:00,0,00:00,No,03:18.5,6,0
Running,27/07/2020 07:31,FALSE,Woking Running,5.6,280,00:29:09,125,139,1.8,157,170,05:12,04:24,348,353,1.22,0,0,--,--,0,0,0,29:09:00,00:00,0,00:00,No,03:02.0,6,0
Running,25/07/2020 08:36,FALSE,Woking Running,10.01,664,00:53:50,143,161,3.3,157,166,05:23,04:35,346,324,1.18,0,0,--,--,0,0,0,53:50:00,00:00,0,00:00,No,00:01.9,11,0
Running,24/07/2020 18:38,FALSE,Woking Running,5.63,352,00:30:48,135,168,2.6,155,171,05:28,04:41,211,209,1.18,0,0,--,--,0,0,0,30:48:00,00:00,0,00:00,No,03:18.0,6,0
Running,23/07/2020 07:26,FALSE,Woking Running,5.65,366,00:30:26,139,163,2.8,157,233,05:23,04:37,218,237,1.18,0,0,--,--,0,0,0,30:26:00,00:00,0,00:00,No,03:26.9,6,0
Running,22/07/2020 18:09,FALSE,Woking Running,5.61,288,00:30:25,126,138,2,155,169,05:25,04:04,22,21,1.19,0,0,--,--,0,0,0,30:25:00,00:00,0,00:00,No,03:12.0,6,0
Running,21/07/2020 07:31,FALSE,Woking Running,5.67,358,00:30:23,138,164,2.8,157,166,05:21,04:59,26,28,1.19,0,0,--,--,0,0,0,30:23:00,00:00,0,00:00,No,03:39.3,6,0
Running,19/07/2020 08:49,FALSE,Woking Running,10.01,648,00:53:44,142,157,3.2,157,165,05:22,04:44,50,50,1.19,0,0,--,--,0,0,0,53:44:00,00:00,0,00:00,No,00:01.9,11,0
Running,18/07/2020 08:32,FALSE,Woking Running,10,652,00:53:41,143,168,3.5,157,175,05:22,04:39,47,49,1.18,0,0,--,--,0,0,0,53:41:00,00:00,0,00:00,No,00:01.8,11,0
Running,17/07/2020 18:37,FALSE,Woking Running,3.41,176,00:18:58,122,133,1.6,156,231,05:34,04:42,16,16,1.15,0,0,--,--,0,0,0,18:58,00:00,0,00:00,No,02:10.3,4,0
Running,16/07/2020 18:24,FALSE,Woking Running,5.65,342,00:31:05,134,161,2.5,155,164,05:30,04:48,19,19,1.17,0,0,--,--,0,0,0,31:05:00,00:00,0,00:00,No,03:35.7,6,0
Running,13/07/2020 18:37,FALSE,Woking Running,5.67,362,00:30:08,142,160,3,156,169,05:19,03:56,9,13,1.21,0,0,--,--,0,0,0,30:08:00,00:00,0,00:00,No,03:26.9,6,0
Running,12/07/2020 08:32,FALSE,Woking Running,10.01,691,00:53:57,149,168,3.8,157,166,05:23,04:31,41,42,1.19,0,0,--,--,0,0,0,53:57:00,00:00,0,00:00,No,00:02.2,11,0
Running,11/07/2020 08:35,FALSE,Woking Running,10.01,540,00:54:06,129,165,3.1,156,169,05:24,03:29,40,41,1.18,0,0,--,--,0,0,0,54:06:00,00:00,0,00:00,No,00:01.8,11,0
Running,09/07/2020 18:24,FALSE,Woking Running,5.64,397,00:30:23,149,168,3.2,155,167,05:23,04:12,21,21,1.2,0,0,--,--,0,0,0,30:23:00,00:00,0,00:00,No,03:18.5,6,0
Running,07/07/2020 18:21,FALSE,Woking Running,5.66,358,00:30:40,138,166,3,155,170,05:25,04:12,15,15,1.19,0,0,--,--,0,0,0,30:40:00,00:00,0,00:00,No,03:27.2,6,0
Running,06/07/2020 18:17,FALSE,Woking Running,5.15,334,00:32:55,129,151,2.3,157,190,06:24,03:03,9,9,0.99,0,0,--,--,0,0,0,32:55:00,00:00,0,00:00,No,00:46.5,6,0
Running,05/07/2020 11:43,FALSE,Woking Running,8.24,545,00:43:41,145,162,3.5,156,168,05:18,04:15,33,34,1.21,0,0,--,--,0,0,0,43:41:00,00:00,0,00:00,No,01:05.1,9,0
Running,04/07/2020 09:34,FALSE,Woking Running,8.2,565,00:45:04,145,161,3.4,156,172,05:30,04:37,34,34,1.16,0,0,--,--,0,0,0,45:04:00,00:00,0,00:00,No,01:01.2,9,0
Running,03/07/2020 18:32,FALSE,Woking Running,5.63,387,00:30:32,145,162,3.2,155,212,05:25,04:22,19,18,1.19,0,0,--,--,0,0,0,30:32:00,00:00,0,00:00,No,03:25.4,6,0
Running,02/07/2020 18:07,FALSE,Woking Running,5.64,390,00:30:04,146,168,3.3,155,167,05:20,04:47,14,14,1.21,0,0,--,--,0,0,0,30:04:00,00:00,0,00:00,No,03:21.4,6,0
Running,30/06/2020 18:04,FALSE,Woking Running,5.64,358,00:29:48,139,162,3,157,169,05:17,04:38,22,22,1.21,0,0,--,--,0,0,0,29:48:00,00:00,0,00:00,No,03:22.4,6,0
Running,29/06/2020 21:38,FALSE,Woking Running,3.17,214,00:18:07,136,162,2.5,153,160,05:43,04:43,13,13,1.14,0,0,--,--,0,0,0,18:07,00:00,0,00:00,No,00:56.7,4,0
Running,21/06/2020 12:07,FALSE,Woking Running,10.01,647,00:54:39,141,160,3.1,156,171,05:28,04:43,42,44,1.17,0,0,--,--,0,0,0,54:39:00,00:00,0,00:00,No,00:01.9,11,0
Running,20/06/2020 08:40,FALSE,Woking Running,10.01,568,00:55:22,133,163,2.4,156,165,05:32,04:54,41,42,1.16,0,0,--,--,0,0,0,55:22:00,00:00,0,00:00,No,00:01.8,11,0
Running,18/06/2020 18:21,FALSE,Woking Running,5.66,343,00:29:58,136,166,2.8,156,182,05:18,04:27,14,14,1.21,0,0,--,--,0,0,0,29:58:00,00:00,0,00:00,No,03:33.2,6,0
Running,16/06/2020 18:21,FALSE,Woking Running,5.63,369,00:30:02,143,161,3,157,169,05:20,04:33,24,23,1.2,0,0,--,--,0,0,0,30:02:00,00:00,0,00:00,No,03:12.4,6,0
Running,15/06/2020 18:28,FALSE,Woking Running,5.11,270,00:32:56,122,145,1.7,157,233,06:27,03:06,12,18,1.02,0,0,--,--,0,0,0,32:56:00,00:00,0,00:00,No,00:02.0,43,0
Running,14/06/2020 08:39,FALSE,Woking Running,10.01,592,00:54:15,138,160,2.7,157,166,05:25,04:38,41,42,1.17,0,0,--,--,0,0,0,54:15:00,00:00,0,00:00,No,00:02.2,11,0
Running,13/06/2020 17:46,FALSE,Woking Running,5.77,403,00:43:25,122,143,2,148,164,07:31,05:40,33,34,0.9,0,0,--,--,0,0,0,43:25:00,00:00,0,00:00,No,06:05.4,6,0
Running,11/06/2020 17:34,FALSE,Woking Running,5.64,280,00:29:16,124,146,2,157,178,05:11,04:28,17,16,1.23,0,0,--,--,0,0,0,29:16:00,00:00,0,00:00,No,03:12.0,6,0
Running,10/06/2020 19:00,FALSE,Woking Running,3.45,221,00:19:55,131,152,2.1,153,169,05:47,05:06,11,11,1.13,0,0,--,--,0,0,0,19:55,00:00,0,00:00,No,02:33.8,4,0
Running,09/06/2020 07:38,FALSE,Woking Running,5.35,349,00:33:22,133,174,2.4,155,186,06:14,03:35,7,13,1.03,0,0,--,--,0,0,0,33:22:00,00:00,0,00:00,No,00:30.0,43,0
Running,08/06/2020 18:29,FALSE,Woking Running,5.66,328,00:30:10,132,157,2.3,156,174,05:19,04:12,36,35,1.2,0,0,--,--,0,0,0,30:10:00,00:00,0,00:00,No,03:17.5,6,0
Running,07/06/2020 08:34,FALSE,Woking Running,10.01,660,00:55:19,140,173,3.2,156,164,05:32,04:30,5,7,1.16,0,0,--,--,0,0,0,55:19:00,00:00,0,00:00,No,00:01.3,11,0
Running,06/06/2020 08:20,FALSE,Woking Running,10.01,734,00:53:38,151,165,3.7,157,166,05:21,04:33,35,41,1.19,0,0,--,--,0,0,0,53:38:00,00:00,0,00:00,No,00:02.6,11,0
Running,05/06/2020 07:31,FALSE,Woking Running,5.33,244,00:33:07,115,134,1.4,157,243,06:13,03:00,19,19,1.02,0,0,--,--,0,0,0,33:07:00,00:00,0,00:00,No,00:30.0,43,0
Running,04/06/2020 07:28,FALSE,Woking Running,5.66,342,00:30:43,134,156,2.2,157,176,05:26,04:47,31,30,1.17,0,0,--,--,0,0,0,30:43:00,00:00,0,00:00,No,03:23.2,6,0
Running,02/06/2020 07:34,FALSE,Woking Running,5.32,304,00:33:07,126,141,2,153,189,06:13,03:20,12,18,1.04,0,0,--,--,0,0,0,33:07:00,00:00,0,00:00,No,00:30.0,43,0
Running,01/06/2020 07:21,FALSE,Woking Running,5.4,318,00:33:16,128,150,2,155,243,06:10,03:22,12,18,1.04,0,0,--,--,0,0,0,33:16:00,00:00,0,00:00,No,00:30.0,43,0
Running,31/05/2020 08:16,FALSE,Woking Running,10.01,607,00:53:47,137,160,2.8,157,166,05:22,04:40,49,51,1.19,0,0,--,--,0,0,0,53:47:00,00:00,0,00:00,No,00:01.6,11,0
Running,30/05/2020 08:18,FALSE,Woking Running,10.01,679,00:53:42,144,162,3.3,156,171,05:22,04:47,48,49,1.19,0,0,--,--,0,0,0,53:42:00,00:00,0,00:00,No,00:02.8,11,0
Running,29/05/2020 07:32,FALSE,Woking Running,5.66,358,00:30:40,135,159,2.6,157,167,05:25,04:40,16,17,1.18,0,0,--,--,0,0,0,30:40:00,00:00,0,00:00,No,03:24.1,6,0
Running,28/05/2020 07:20,FALSE,Woking Running,5.26,285,00:33:14,123,157,1.8,156,218,06:19,03:30,11,17,1.01,0,0,--,--,0,0,0,33:14:00,00:00,0,00:00,No,00:30.0,43,0
Running,27/05/2020 18:22,FALSE,Woking Running,5.65,312,00:30:39,132,147,2.4,156,220,05:26,04:12,10,12,1.18,0,0,--,--,0,0,0,30:39:00,00:00,0,00:00,No,00:24.2,53,0
Running,25/05/2020 08:17,FALSE,Woking Running,7.34,465,00:46:36,133,160,2.3,157,233,06:21,01:57,82,85,1,0,0,--,--,0,0,0,46:36:00,00:00,0,00:00,No,00:16.7,59,0
Running,24/05/2020 08:34,FALSE,Woking Running,10.01,641,00:54:46,138,156,3,158,182,05:28,04:44,45,42,1.14,9.3,10.8,276,50.0% L / 50.0% R,0,0,0,54:46:00,00:00,0,00:00,No,00:02.4,11,0
Running,23/05/2020 09:22,FALSE,Woking Running,0,--,00:01.9,103,103,1,--,--,--,--,--,--,0,0,0,--,--,0,0,0,00:01.9,00:00,0,00:00,No,00:00.0,1,0
Running,23/05/2020 08:24,FALSE,Woking Running,9.87,630,00:54:51,137,158,2.9,157,256,05:33,04:38,47,48,1.13,9.5,11.1,276,50.2% L / 49.8% R,0,0,0,54:51:00,00:00,0,00:00,No,04:32.8,10,0
Running,22/05/2020 07:34,FALSE,Woking Running,5.49,362,00:31:00,135,152,2.5,157,173,05:39,04:59,19,18,1.12,9.8,11.2,277,50.2% L / 49.8% R,0,0,0,31:00:00,00:00,0,00:00,No,02:40.1,6,0
Running,21/05/2020 18:43,FALSE,Woking Running,4.4,290,00:24:32,134,155,2.5,156,186,05:34,04:36,17,16,1.14,9.7,11.3,278,50.3% L / 49.7% R,0,0,0,24:32:00,00:00,0,00:00,No,02:03.0,5,0
Running,20/05/2020 07:35,FALSE,Woking Running,5.65,362,00:31:11,134,150,2.5,157,189,05:31,04:54,20,18,1.14,9.3,10.8,279,50.1% L / 49.9% R,0,0,0,31:11:00,00:00,0,00:00,No,03:27.9,6,0
Running,19/05/2020 18:29,FALSE,Woking Running,4.16,257,00:26:43,127,152,2.1,144,256,06:25,03:24,2,8,1.07,9.4,8.7,345,50.3% L / 49.7% R,0,0,0,26:43:00,00:00,0,00:00,No,00:30.0,42,0
Running,18/05/2020 18:23,FALSE,Woking Running,4.91,332,00:27:33,134,157,2.7,155,166,05:37,04:50,18,17,1.13,9.6,11,282,50.1% L / 49.9% R,0,0,0,27:33:00,00:00,0,00:00,No,05:02.0,5,0
Running,16/05/2020 08:38,FALSE,Woking Running,10.01,624,00:54:42,137,152,2.6,157,171,05:28,04:48,42,42,1.14,9.4,10.9,278,50.0% L / 50.0% R,0,0,0,54:42:00,00:00,0,00:00,No,00:02.5,11,0
Running,15/05/2020 18:17,FALSE,Woking Running,5.68,353,00:32:30,129,152,2.3,154,172,05:43,05:01,18,17,1.13,9.6,11,288,50.4% L / 49.6% R,0,0,0,32:30:00,00:00,0,00:00,No,03:44.2,6,0
Running,14/05/2020 18:30,FALSE,Woking Running,4.44,286,00:24:36,133,151,2.4,156,167,05:32,04:47,16,17,1.15,9.4,11.1,282,50.3% L / 49.7% R,0,0,0,24:36:00,00:00,0,00:00,No,02:17.9,5,0
Running,13/05/2020 18:17,FALSE,Woking Running,5.25,304,00:33:25,125,145,1.9,147,256,06:22,03:27,5,11,1.09,9.1,9.2,331,50.2% L / 49.8% R,0,0,0,33:25:00,00:00,0,00:00,No,00:30.0,43,0
Running,12/05/2020 18:18,FALSE,Woking Running,5.68,358,00:31:25,133,151,2.4,155,168,05:32,04:50,10,12,1.14,9.5,11.1,283,50.2% L / 49.8% R,0,0,0,31:25:00,00:00,0,00:00,No,03:37.5,6,0
Running,11/05/2020 18:28,FALSE,Woking Running,5.33,337,00:33:06,131,149,2.2,148,256,06:12,03:26,8,14,1.1,8.9,9.1,326,50.6% L / 49.4% R,0,0,0,33:06:00,00:00,0,00:00,No,00:30.0,43,0
Running,10/05/2020 08:34,FALSE,Woking Running,10.01,673,00:53:54,143,161,3.1,158,179,05:23,04:49,39,39,1.15,9.2,10.9,277,50.3% L / 49.7% R,0,0,0,53:54:00,00:00,0,00:00,No,00:01.9,11,0
Running,09/05/2020 08:20,FALSE,Woking Running,7.47,494,00:45:49,135,155,2.4,148,203,06:08,03:28,8,14,1.09,9.1,9.3,319,49.7% L / 50.3% R,0,0,0,45:49:00,00:00,0,00:00,No,00:30.0,53,0
Running,08/05/2020 08:33,FALSE,Woking Running,10.01,672,00:53:34,140,164,3.2,157,174,05:21,04:26,41,45,1.17,9.3,11.1,275,50.2% L / 49.8% R,0,0,0,53:34:00,00:00,0,00:00,No,00:02.2,11,0
Running,07/05/2020 07:38,FALSE,Woking Running,5.67,367,00:30:19,137,151,2.6,158,171,05:21,04:35,20,18,1.17,9.1,10.9,276,50.0% L / 50.0% R,0,0,0,30:19:00,00:00,0,00:00,No,03:33.0,6,0
Running,06/05/2020 10:43,FALSE,Woking Running,5.62,335,00:30:39,133,152,2.4,157,191,05:27,04:47,22,21,1.14,9.5,11,280,50.3% L / 49.7% R,0,0,0,30:39:00,00:00,0,00:00,No,00:04.8,54,0
Running,05/05/2020 18:20,FALSE,Woking Running,6.33,408,00:39:25,130,151,2.3,148,256,06:14,03:28,11,11,1.07,9.1,9.4,326,50.3% L / 49.7% R,0,0,0,39:25:00,00:00,0,00:00,No,00:30.0,44,0
Running,04/05/2020 18:30,FALSE,Woking Running,5.65,374,00:31:32,134,151,2.5,154,170,05:35,04:59,28,27,1.15,9.5,11.1,286,50.7% L / 49.3% R,0,0,0,31:32:00,00:00,0,00:00,No,03:37.2,6,0
Running,03/05/2020 08:52,FALSE,Woking Running,10.01,644,00:54:23,137,154,2.8,157,167,05:26,04:29,48,48,1.16,9.4,11.1,276,50.3% L / 49.7% R,0,0,0,54:23:00,00:00,0,00:00,No,00:01.4,11,0
Running,02/05/2020 08:36,FALSE,Woking Running,10.01,641,00:54:05,138,160,2.9,157,196,05:24,04:15,48,49,1.17,9,10.8,277,50.2% L / 49.8% R,0,0,0,54:05:00,00:00,0,00:00,No,00:01.4,11,0
Running,01/05/2020 07:54,FALSE,Woking Running,5.69,352,00:31:27,132,149,2.3,157,177,05:31,04:55,24,23,1.14,9.1,10.7,280,50.2% L / 49.8% R,0,0,0,31:27:00,00:00,0,00:00,No,03:42.3,6,0
Running,30/04/2020 07:26,FALSE,Woking Running,5.04,287,00:31:32,125,142,2,150,197,06:15,03:35,7,7,1.05,8.8,8.5,330,50.5% L / 49.5% R,0,0,0,31:32:00,00:00,0,00:00,No,00:30.0,50,0
Running,29/04/2020 07:14,FALSE,Woking Running,4.01,261,00:26:41,127,145,2,148,256,06:39,03:36,2,8,1.01,9.4,8.4,330,50.5% L / 49.5% R,0,0,0,26:41:00,00:00,0,00:00,No,00:30.0,42,0
Running,28/04/2020 13:44,FALSE,Woking Running,5.65,322,00:31:51,130,146,2.2,155,187,05:38,04:41,17,15,1.13,9.6,11,283,50.1% L / 49.9% R,0,0,0,31:51:00,00:00,0,00:00,No,00:30.0,54,0
Running,27/04/2020 19:48,FALSE,Woking Running,5.37,336,00:33:34,128,149,2.1,145,256,06:15,03:26,8,14,1.1,9,9.3,328,50.8% L / 49.2% R,0,0,0,33:34:00,00:00,0,00:00,No,00:30.0,43,0
Running,26/04/2020 08:49,FALSE,Woking Running,10,652,00:54:33,140,153,2.9,156,193,05:27,04:45,45,47,1.15,9.3,10.9,279,50.3% L / 49.7% R,0,0,0,54:33:00,00:00,0,00:00,No,00:01.3,11,0
Running,25/04/2020 08:43,FALSE,Woking Running,10.01,659,00:54:59,139,156,3,156,182,05:29,04:54,35,38,1.15,9.4,10.9,280,50.2% L / 49.8% R,0,0,0,54:59:00,00:00,0,00:00,No,00:02.5,11,0
Running,24/04/2020 18:03,FALSE,Woking Running,5.55,369,00:30:24,137,157,2.7,154,184,05:29,04:39,22,23,1.15,9.9,11.5,279,50.3% L / 49.8% R,0,0,0,30:24:00,00:00,0,00:00,No,02:55.2,6,0
Running,23/04/2020 08:01,FALSE,Woking Running,6.81,424,00:42:34,130,152,2.1,148,256,06:15,03:31,14,19,1.06,9.3,9.5,320,50.0% L / 50.0% R,0,0,0,42:34:00,00:00,0,00:00,No,00:30.0,45,0
Running,22/04/2020 18:08,FALSE,Woking Running,5.2,334,00:33:22,129,152,2.1,147,247,06:25,03:28,7,14,1.06,9.2,9.1,333,50.2% L / 49.8% R,0,0,0,33:22:00,00:00,0,00:00,No,00:30.0,43,0
Running,21/04/2020 18:27,FALSE,Woking Running,5.65,357,00:30:59,136,157,2.6,154,192,05:29,04:29,23,23,1.16,9.4,11,286,50.7% L / 49.3% R,0,0,0,30:59:00,00:00,0,00:00,No,00:12.9,54,0
Running,20/04/2020 18:13,FALSE,Woking Running,4.07,269,00:26:47,130,150,2,144,192,06:35,03:31,9,9,1.05,8.9,8.8,336,50.1% L / 49.9% R,0,0,0,26:47:00,00:00,0,00:00,No,00:30.0,42,0
Running,20/04/2020 12:47,FALSE,Woking Running,3.5,204,00:20:52,123,139,1.6,155,175,05:58,04:52,6,11,1.08,9.8,10.7,289,50.0% L / 50.0% R,0,0,0,20:52,00:00,0,00:00,No,02:53.8,4,0
Running,19/04/2020 09:21,FALSE,Woking Running,8.18,564,00:51:56,136,157,2.5,146,202,06:21,03:09,19,19,1.07,9.5,9.4,330,50.1% L / 49.9% R,0,0,0,51:56:00,00:00,0,00:00,No,00:30.0,65,0
Running,18/04/2020 12:32,FALSE,Woking Running,5.69,380,00:29:45,145,158,3.2,155,169,05:14,04:04,14,17,1.22,9,11.2,278,50.0% L / 50.0% R,0,0,0,29:45:00,00:00,0,00:00,No,00:13.5,52,0
Running,16/04/2020 17:43,FALSE,Woking Running,5.7,342,00:30:30,136,159,2.7,155,171,05:21,04:12,20,18,1.19,9.4,11.5,278,50.3% L / 49.7% R,0,0,0,30:30:00,00:00,0,00:00,No,00:21.8,53,0
Running,15/04/2020 18:27,FALSE,Woking Running,5.21,329,00:29:09,133,153,2.4,155,185,05:36,04:27,17,17,1.15,9.6,11.2,282,50.0% L / 50.0% R,0,0,0,29:09:00,00:00,0,00:00,No,01:01.9,6,0
Running,14/04/2020 18:21,FALSE,Woking Running,5.19,312,00:33:18,126,151,2.1,147,256,06:25,03:09,9,8,1.06,9.3,9.3,330,50.0% L / 50.0% R,0,0,0,33:18:00,00:00,0,00:00,No,00:30.0,43,0
Running,13/04/2020 12:55,FALSE,Woking Running,5.66,338,00:31:13,137,154,2.8,154,195,05:31,04:59,22,20,1.16,9.3,11.1,282,50.3% L / 49.7% R,0,0,0,31:13:00,00:00,0,00:00,No,00:30.0,54,0
Running,12/04/2020 10:54,FALSE,Woking Running,8.18,574,00:52:18,139,161,3,145,256,06:24,03:23,22,23,1.05,9.4,9.3,326,50.3% L / 49.7% R,0,0,0,52:18:00,00:00,0,00:00,No,00:30.0,65,0
Running,11/04/2020 08:50,FALSE,Woking Running,7.81,540,00:42:50,142,164,3.3,155,172,05:29,04:47,24,23,1.17,9.2,11,282,50.1% L / 49.9% R,0,0,0,42:50:00,00:00,0,00:00,No,04:13.8,8,0
Running,10/04/2020 08:59,FALSE,Woking Running,7.48,496,00:46:28,136,162,2.8,146,208,06:13,03:14,13,15,1.09,9.2,9.6,324,50.1% L / 49.9% R,0,0,0,46:28:00,00:00,0,00:00,No,00:30.0,53,0
Running,09/04/2020 17:40,FALSE,Woking Running,5.69,334,00:30:08,137,162,2.9,156,173,05:18,04:18,16,16,1.19,9.3,11.3,277,50.4% L / 49.6% R,0,0,0,30:08:00,00:00,0,00:00,No,00:03.3,53,0
Running,08/04/2020 07:27,FALSE,Woking Running,4.64,307,00:30:40,132,154,2.4,144,256,06:37,03:24,3,8,1.07,8.5,8.3,342,50.1% L / 49.9% R,0,0,0,30:40:00,00:00,0,00:00,No,00:30.0,50,0
Running,07/04/2020 08:19,FALSE,Woking Running,5.59,322,00:31:30,134,151,2.6,155,174,05:39,05:09,34,35,1.14,9.4,10.8,282,50.5% L / 49.5% R,0,0,0,31:30:00,00:00,0,00:00,No,00:30.0,54,0
Running,06/04/2020 08:05,FALSE,Woking Running,7.93,536,00:46:08,138,171,3.1,156,235,05:49,04:44,52,52,1.1,9.8,10.9,282,50.4% L / 49.6% R,0,0,0,46:08:00,00:00,0,00:00,No,05:04.4,8,0
Running,05/04/2020 08:54,FALSE,Woking Running,5.67,373,00:31:32,138,156,2.9,155,194,05:34,04:31,17,16,1.15,9.5,11.2,281,50.7% L / 49.3% R,0,0,0,31:32:00,00:00,0,00:00,No,03:37.6,6,0
Running,04/04/2020 08:18,FALSE,Woking Running,6.48,413,00:39:33,134,157,2.6,149,194,06:06,03:09,22,21,1.08,9.1,9.3,313,50.4% L / 49.6% R,0,0,0,39:33:00,00:00,0,00:00,No,00:30.0,44,0
Running,03/04/2020 18:06,FALSE,Woking Running,5.64,338,00:30:35,137,161,3,155,186,05:26,04:34,24,23,1.17,9.4,11.2,282,50.5% L / 49.5% R,0,0,0,30:35:00,00:00,0,00:00,No,00:26.8,53,0
Running,01/04/2020 17:40,FALSE,Woking Running,6.38,415,00:39:46,133,158,2.7,148,256,06:14,03:11,19,18,1.07,9,9.3,318,50.2% L / 49.8% R,0,0,0,39:46:00,00:00,0,00:00,No,00:30.0,44,0
Running,31/03/2020 12:58,FALSE,Woking Running,5.69,349,00:31:07,137,153,3,156,183,05:28,04:55,23,22,1.17,9,10.7,280,50.5% L / 49.5% R,0,0,0,31:07:00,00:00,0,00:00,No,00:30.0,54,0
Running,30/03/2020 16:58,FALSE,Woking Running,5.63,362,00:32:27,136,155,2.7,155,169,05:46,04:43,26,13,1.11,9.3,10.6,286,50.3% L / 49.7% R,0,0,0,32:27:00,00:00,0,00:00,No,03:27.1,6,0
Running,29/03/2020 11:41,FALSE,Woking Running,5.27,348,00:33:21,134,155,2.6,147,202,06:20,03:20,1,8,1.07,9,8.8,327,50.3% L / 49.7% R,0,0,0,33:21:00,00:00,0,00:00,No,00:30.0,43,0
Running,28/03/2020 09:59,FALSE,Woking Running,5.71,356,00:30:32,141,162,3.1,155,173,05:21,04:12,21,21,1.18,9.1,11,280,50.4% L / 49.6% R,0,0,0,30:32:00,00:00,0,00:00,No,00:30.0,50,0
Running,27/03/2020 07:51,FALSE,Woking Running,5.63,364,00:30:34,137,153,2.9,157,187,05:26,04:23,17,15,1.17,9,10.8,278,50.7% L / 49.3% R,0,0,0,30:34:00,00:00,0,00:00,No,03:18.6,6,0
Running,26/03/2020 16:33,FALSE,Woking Running,5.62,373,00:35:13,134,151,2.8,150,185,06:16,03:48,17,18,1.05,9.4,9.4,291,50.4% L / 49.6% R,0,0,0,35:13:00,00:00,0,00:00,No,00:30.0,44,0
Running,25/03/2020 16:30,FALSE,Woking Running,5.68,382,00:30:17,141,163,3.3,155,177,05:20,04:53,16,14,1.19,9.4,11.4,278,50.8% L / 49.2% R,0,0,0,30:17:00,00:00,0,00:00,No,03:29.4,6,0
Running,24/03/2020 16:41,FALSE,Woking Running,6.01,376,00:34:19,138,154,3,155,216,05:43,04:38,33,34,1.13,9.6,11,284,50.5% L / 49.5% R,0,0,0,34:19:00,00:00,0,00:00,No,00:02.2,7,0
Running,22/03/2020 16:43,FALSE,Woking Running,5.53,378,00:32:46,140,167,3.1,147,217,05:55,03:03,1,8,1.15,8.6,9.3,321,50.6% L / 49.4% R,0,0,0,32:46:00,00:00,0,00:00,No,00:30.0,43,0
Running,21/03/2020 13:04,FALSE,Woking Running,5.74,375,00:30:55,138,161,3.1,155,174,05:23,04:41,28,27,1.18,9.1,11,283,50.7% L / 49.3% R,0,0,0,30:55:00,00:00,0,00:00,No,03:53.4,6,0
Running,15/03/2020 11:26,FALSE,Woking Running,5.22,311,00:33:13,127,150,2.2,148,201,06:22,03:33,6,6,1.08,9.2,9.3,325,50.0% L / 50.0% R,0,0,0,33:13:00,00:00,0,00:00,No,00:30.0,43,0
Running,14/03/2020 09:05,FALSE,Woking Running,5.02,341,00:24:38,154,171,3.5,159,189,04:55,03:27,--,--,1.25,8.5,10.9,269,49.9% L / 50.1% R,0,0,0,24:38:00,00:00,0,00:00,No,00:02.6,6,0
Running,14/03/2020 08:10,FALSE,Woking Running,3.58,232,00:20:58,133,157,2.4,151,240,05:51,03:19,6,12,1.12,8.4,9.4,310,50.4% L / 49.6% R,0,0,0,20:58,00:00,0,00:00,No,00:30.0,19,0
Running,08/03/2020 08:31,FALSE,Woking Running,5.16,353,00:33:02,136,166,2.8,152,256,06:24,03:18,6,6,1.12,8.4,8.8,325,50.2% L / 49.8% R,0,0,0,33:02:00,00:00,0,00:00,No,00:30.0,43,0
Running,07/03/2020 08:45,FALSE,Woking Running,5.34,326,00:28:10,137,160,2.9,157,176,05:17,04:25,29,29,1.19,8.8,10.8,279,50.2% L / 49.8% R,0,0,0,28:10:00,00:00,0,00:00,No,01:43.5,6,0
Running,01/03/2020 09:05,FALSE,Woking Running,7.03,454,00:43:13,136,159,3,149,240,06:09,03:29,19,19,1.07,9.1,9.2,315,50.4% L / 49.6% R,0,0,0,43:13:00,00:00,0,00:00,No,00:30.0,52,0
Running,29/02/2020 09:09,FALSE,Woking Running,4.98,333,00:24:42,153,175,3.4,159,202,04:58,03:20,--,6,1.24,8.5,10.9,274,49.9% L / 50.1% R,0,0,0,24:42:00,00:00,0,00:00,No,04:33.4,5,0
Running,29/02/2020 08:06,FALSE,Woking Running,2.46,156,00:14:33,135,155,2.2,150,188,05:55,03:26,11,11,1.1,8.6,8.9,314,50.4% L / 49.6% R,0,0,0,14:33,00:00,0,00:00,No,00:30.0,18,0
Running,23/02/2020 09:09,FALSE,Woking Running,6.36,413,00:39:34,135,161,2.9,148,208,06:13,03:21,5,6,1.07,9,9.2,325,50.3% L / 49.7% R,0,0,0,39:34:00,00:00,0,00:00,No,00:30.0,44,0
Running,22/02/2020 09:07,FALSE,Woking Running,5.15,331,00:24:43,154,169,3.5,160,203,04:48,03:31,--,6,1.27,8.4,10.9,268,49.8% L / 50.2% R,0,0,0,24:43:00,00:00,0,00:00,No,00:34.6,6,0
Running,22/02/2020 08:17,FALSE,Woking Running,2.48,155,00:14:41,133,158,2.2,148,190,05:55,03:07,--,--,1.15,8.2,8.9,327,50.9% L / 49.1% R,0,0,0,14:41,00:00,0,00:00,No,00:30.0,18,0
Running,16/02/2020 09:32,FALSE,Woking Running,6.89,473,00:43:18,139,165,3.2,151,249,06:17,03:21,22,20,1.06,8.8,9,320,50.4% L / 49.6% R,0,0,0,43:18:00,00:00,0,00:00,No,00:30.0,52,0
Running,15/02/2020 09:04,FALSE,Woking Running,5.02,339,00:24:24,159,175,3.6,161,251,04:52,03:30,--,6,1.25,8.6,11,265,49.9% L / 50.1% R,0,0,0,24:24:00,00:00,0,00:00,No,00:04.0,6,0
Running,15/02/2020 08:19,FALSE,Woking Running,2.31,155,00:14:20,136,157,2.3,149,248,06:12,03:33,2,7,1.05,8.9,9.1,322,50.2% L / 49.8% R,0,0,0,14:20,00:00,0,00:00,No,00:30.0,18,0
Running,09/02/2020 15:45,FALSE,Woking Running,5.19,336,00:32:49,135,155,2.6,148,212,06:19,03:33,14,14,1.09,9.4,9.5,322,50.4% L / 49.6% R,0,0,0,32:49:00,00:00,0,00:00,No,00:30.0,43,0
Running,08/02/2020 09:08,FALSE,Woking Running,5.01,338,00:24:34,158,174,3.6,160,188,04:54,03:45,2,8,1.24,8.4,10.7,267,50.3% L / 49.7% R,0,0,0,24:34:00,00:00,0,00:00,No,00:02.0,6,0
Running,08/02/2020 08:17,FALSE,Woking Running,2.44,155,00:14:16,136,157,2.3,147,190,05:50,03:26,7,8,1.13,8.4,9.1,328,50.4% L / 49.6% R,0,0,0,14:16,00:00,0,00:00,No,00:30.0,18,0
Running,02/02/2020 08:41,FALSE,Woking Running,5.28,370,00:32:46,142,162,3.1,151,256,06:12,03:25,--,7,1.08,8.9,8.9,322,50.4% L / 49.6% R,0,0,0,32:46:00,00:00,0,00:00,No,00:30.0,43,0
Running,01/02/2020 09:09,FALSE,Woking Running,5,339,00:24:29,158,174,3.6,158,248,04:54,03:37,--,6,1.27,8.6,11.1,271,50.2% L / 49.8% R,0,0,0,24:29:00,00:00,0,00:00,No,04:27.4,5,0
Running,01/02/2020 08:52,FALSE,Woking Running,0.63,30,04:37.6,125,138,1,144,161,07:18,05:39,--,4,0.97,10,9.8,315,50.1% L / 49.9% R,0,0,0,04:37.6,00:00,0,00:00,No,00:00.0,1,0
Running,01/02/2020 08:19,FALSE,Woking Running,2.12,137,00:12:26,134,149,2.2,150,180,05:53,03:48,2,8,1.13,8.6,9.6,308,50.4% L / 49.6% R,0,0,0,12:26,00:00,0,00:00,No,00:30.0,14,0
Running,26/01/2020 15:17,FALSE,Woking Running,5.12,365,00:32:48,141,164,3.1,146,256,06:24,03:24,--,6,1.06,8.8,8.7,328,50.4% L / 49.6% R,0,0,0,32:48:00,00:00,0,00:00,No,00:30.0,43,0
Running,25/01/2020 09:06,FALSE,Woking Running,5,335,00:24:28,158,174,3.6,181,207,04:54,03:59,--,6,1.07,7.8,8.5,263,50.4% L / 49.6% R,0,0,0,24:28:00,00:00,0,00:00,No,04:42.3,5,0
Running,25/01/2020 08:21,FALSE,Woking Running,1.8,67,00:10:25,135,150,1,153,237,05:47,03:36,2,7,1.13,8.4,9.8,297,50.0% L / 50.0% R,0,0,0,10:25,00:00,0,00:00,No,04:36.0,2,0
Running,11/01/2020 09:06,FALSE,Woking Running,5.01,331,00:24:56,154,169,3.4,172,197,04:59,04:01,1,2,1.08,7.3,8.1,268,49.3% L / 50.7% R,0,0,0,24:56:00,00:00,0,00:00,No,00:02.4,6,0
Running,05/01/2020 09:08,FALSE,Woking Running,5.19,319,00:33:27,131,154,2.4,144,207,06:27,03:32,--,6,1.07,8.9,9.3,331,49.9% L / 50.1% R,0,0,0,33:27:00,00:00,0,00:00,No,00:30.0,43,0
Running,04/01/2020 09:06,FALSE,Woking Running,5.01,324,00:25:34,148,165,3.2,171,204,05:06,03:56,--,--,1.05,7.8,8.4,256,49.2% L / 50.8% R,0,0,0,25:34:00,00:00,0,00:00,No,00:02.2,6,0
Running,01/01/2020 11:04,FALSE,Woking Running,1.68,136,00:14:31,127,134,1.6,149,250,08:37,05:36,1,1,0.53,5.8,2.7,301,45.5% L / 54.5% R,0,0,0,14:31,00:00,0,00:00,No,05:52.4,2,0
Running,01/01/2020 10:35,FALSE,Woking Running,4.89,347,00:25:59,153,167,3.4,155,193,05:19,04:18,--,--,0,0,0,--,--,0,0,0,25:59:00,00:00,0,00:00,No,04:39.8,5,0
Running,01/01/2020 08:59,FALSE,Guildford Running,5.02,352,00:26:25,150,163,3.4,154,169,05:16,04:21,17,14,1.22,9,11.2,281,50.0% L / 50.0% R,0,0,0,26:25:00,00:00,0,00:00,No,00:01.4,7,0
Running,31/12/2019 09:07,FALSE,Woking Running,4.48,286,00:30:05,129,152,2.3,152,248,06:43,03:36,2,7,1.12,9.3,9.7,309,50.1% L / 49.9% R,0,0,0,30:05:00,00:00,0,00:00,No,00:30.0,35,0
Running,29/12/2019 13:51,FALSE,Woking Running,3.47,210,00:19:29,133,153,2.3,154,169,05:37,04:46,7,8,1.15,9.6,11.2,285,50.3% L / 49.7% R,0,0,0,19:29,00:00,0,00:00,No,02:32.6,4,0
Running,28/12/2019 09:07,FALSE,Woking Running,5,334,00:25:43,150,170,3.4,160,200,05:09,03:55,--,7,1.1,7.8,8.5,268,48.3% L / 51.7% R,0,0,0,25:43:00,00:00,0,00:00,No,04:53.6,5,0
Running,28/12/2019 08:25,FALSE,Woking Running,2.08,125,00:12:53,129,148,2,148,190,06:12,03:22,2,8,1.11,9.1,9.6,315,50.0% L / 50.0% R,0,0,0,12:53,00:00,0,00:00,No,00:30.0,14,0
Running,27/12/2019 15:45,FALSE,Woking Running,4.5,276,00:29:48,128,151,2.3,147,256,06:37,03:34,14,15,1.07,9.8,9.7,330,50.2% L / 49.8% R,0,0,0,29:48:00,00:00,0,00:00,No,00:30.0,35,0
Running,26/12/2019 16:13,FALSE,Woking Running,4.65,302,00:30:43,133,159,2.6,155,219,06:36,03:16,9,10,1.19,9,9.8,296,50.1% L / 49.9% R,0,0,0,30:43:00,00:00,0,00:00,No,00:30.0,35,0
Running,25/12/2019 09:02,FALSE,Guildford Running,5.02,333,00:27:34,144,163,3.2,153,185,05:30,04:15,13,10,1.17,9.3,11.2,284,50.5% L / 49.5% R,0,0,0,27:34:00,00:00,0,00:00,No,00:04.7,6,0
Running,21/12/2019 09:01,FALSE,Runnymede Running,4.5,341,00:27:32,144,158,3.2,155,201,06:07,03:46,43,40,1.01,7.7,7.5,271,48.7% L / 51.3% R,0,0,0,27:32:00,00:00,0,00:00,No,02:34.1,5,0
Running,15/12/2019 08:40,FALSE,Woking Running,5.21,333,00:33:24,133,153,2.6,150,256,06:25,03:32,6,6,1.05,9,9.2,311,50.3% L / 49.7% R,0,0,0,33:24:00,00:00,0,00:00,No,00:02.6,44,0
Running,14/12/2019 09:05,FALSE,Woking Running,5.01,335,00:25:34,152,168,3.5,158,256,05:06,04:04,--,--,1.22,8.8,10.9,275,49.9% L / 50.1% R,0,0,0,25:34:00,00:00,0,00:00,No,00:04.3,6,0
Running,14/12/2019 08:46,FALSE,Woking Running,1.39,102,00:11:05,125,147,1.9,145,226,07:58,03:31,--,4,1.06,8.7,8.7,337,49.5% L / 50.5% R,0,0,0,11:05,00:00,0,00:00,No,00:30.0,18,0
Running,08/12/2019 08:41,FALSE,Woking Running,4.57,305,00:29:22,135,158,2.7,147,189,06:25,03:14,8,14,1.07,9.1,9.2,325,50.3% L / 49.7% R,0,0,0,29:22:00,00:00,0,00:00,No,00:30.0,35,0
Running,07/12/2019 09:36,FALSE,Woking Running,0.38,23,02:10.0,133,144,1.2,153,158,05:46,05:31,--,--,1.13,0,0,--,--,0,0,0,02:10.0,00:00,0,00:00,No,00:00.0,1,0
Running,07/12/2019 09:08,FALSE,Woking Running,5.01,330,00:25:05,154,170,3.5,159,197,05:01,04:14,--,--,1.07,7.6,8.1,264,47.7% L / 52.3% R,0,0,0,25:05:00,00:00,0,00:00,No,00:01.4,6,0
Running,07/12/2019 08:45,FALSE,Woking Running,1.29,85,08:33.7,129,148,1.8,141,233,06:37,03:40,--,2,1.05,9.1,8.5,346,49.9% L / 50.1% R,0,0,0,08:33.7,00:00,0,00:00,No,00:30.0,14,0
Running,01/12/2019 09:49,FALSE,Woking Running,5.27,368,00:33:29,139,162,3.1,147,256,06:22,03:26,10,10,1.08,8.9,8.9,326,50.3% L / 49.7% R,0,0,0,33:29:00,00:00,0,00:00,No,00:03.1,44,0
Running,30/11/2019 09:40,FALSE,Woking Running,0.34,22,02:04.4,133,142,1.2,152,180,06:04,05:20,--,--,1.05,9.4,9.9,299,49.8% L / 50.2% R,0,0,0,02:04.4,00:00,0,00:00,No,00:00.0,1,0
Running,30/11/2019 09:12,FALSE,Woking Running,5.01,323,00:25:00,152,169,3.5,159,190,04:59,03:53,--,--,1.24,8.5,10.8,272,50.0% L / 50.0% R,0,0,0,25:00:00,00:00,0,00:00,No,00:02.4,6,0
Running,30/11/2019 08:47,FALSE,Woking Running,1.67,109,00:12:04,125,144,1.9,142,176,07:13,03:48,--,3,1.06,8.6,8.5,346,49.7% L / 50.3% R,0,0,0,12:04,00:00,0,00:00,No,00:30.0,18,0
Running,24/11/2019 09:00,FALSE,Woking Running,4.26,290,00:25:27,141,165,3.1,147,198,05:58,03:26,7,13,1.14,8.8,9.7,314,50.1% L / 49.9% R,0,0,0,25:27:00,00:00,0,00:00,No,00:30.0,27,0
Running,23/11/2019 09:06,FALSE,Woking Running,5.01,339,00:25:19,157,172,3.6,174,229,05:03,03:49,--,--,1.08,7.6,8.3,266,48.8% L / 51.2% R,0,0,0,25:19:00,00:00,0,00:00,No,00:01.9,6,0
Running,23/11/2019 08:52,FALSE,Woking Running,1.04,72,07:20.8,132,153,1.8,142,178,07:05,03:43,--,--,1.03,9,8.8,342,50.4% L / 49.6% R,0,0,0,07:20.8,00:00,0,00:00,No,00:30.0,14,0
Running,17/11/2019 13:01,FALSE,Woking Running,3.81,248,00:22:42,139,157,2.8,156,186,05:58,03:29,1,7,1.06,0,0,--,--,0,0,0,22:42,00:00,0,00:00,No,00:03.0,28,0
Running,16/11/2019 09:07,FALSE,Woking Running,5.01,324,00:25:12,153,169,3.5,180,201,05:02,04:17,--,--,1.08,7.2,8,271,48.4% L / 51.6% R,0,0,0,25:12:00,00:00,0,00:00,No,00:03.7,6,0
Running,16/11/2019 08:18,FALSE,Woking Running,1.61,53,08:46.1,131,147,1,155,168,05:27,04:50,4,4,1.16,9.2,11,280,50.4% L / 49.6% R,0,0,0,08:46.1,00:00,0,00:00,No,00:02.0,3,0
Running,09/11/2019 09:05,FALSE,Woking Running,4.95,318,00:25:35,149,165,3.3,163,203,05:10,04:14,--,--,0.84,12.4,8.1,264,48.5% L / 51.5% R,0,0,0,25:35:00,00:00,0,00:00,No,04:57.8,5,0
Running,02/11/2019 09:00,FALSE,Runnymede Running,4.56,361,00:26:46,154,164,3.5,156,176,05:52,04:23,48,50,1.06,9.4,10.1,281,52.0% L / 48.0% R,0,0,0,26:46:00,00:00,0,00:00,No,03:02.7,5,0
Running,02/11/2019 08:27,FALSE,Woking Running,1.58,99,08:57.7,132,147,2,155,176,05:40,05:05,5,5,1.14,9.4,10.8,286,50.6% L / 49.4% R,0,0,0,08:57.7,00:00,0,00:00,No,00:01.4,3,0
Running,26/10/2019 09:07,FALSE,Woking Running,4.97,342,00:24:23,158,178,3.7,159,187,04:54,04:00,--,--,1.26,8.7,11.2,267,50.4% L / 49.6% R,0,0,0,24:23:00,00:00,0,00:00,No,04:41.6,5,0
Running,26/10/2019 08:16,FALSE,Woking Running,1.58,103,09:02.6,133,146,2,154,170,05:44,04:48,2,4,1.14,9.6,11.3,285,50.5% L / 49.5% R,0,0,0,09:02.6,00:00,0,00:00,No,03:20.3,2,0
Running,24/10/2019 17:21,FALSE,Woking Running,2.74,159,00:21:30,120,150,2,134,213,07:51,03:50,10,12,0.94,9.3,7.9,343,50.3% L / 49.7% R,0,0,0,21:30,00:00,0,00:00,No,00:13.1,42,0
Running,24/10/2019 16:46,FALSE,Woking Running,2.43,153,00:15:21,125,142,1.9,155,175,06:19,04:50,7,13,1.04,9.9,10.6,296,50.5% L / 49.5% R,0,0,0,15:21,00:00,0,00:00,No,02:41.4,3,0
Running,20/10/2019 09:32,FALSE,Woking Running,5.14,357,00:33:11,139,165,3,145,240,06:27,03:11,6,12,1.08,9.2,9.2,333,50.7% L / 49.3% R,0,0,0,33:11:00,00:00,0,00:00,No,00:30.0,43,0
Running,19/10/2019 09:04,FALSE,South Norfolk Running,5.01,341,00:24:51,155,173,3.6,155,177,04:58,03:30,35,36,1.28,9.3,12.1,270,50.3% L / 49.7% R,0,0,0,24:51:00,00:00,0,00:00,No,00:01.0,6,0
Running,13/10/2019 09:03,FALSE,Woking Running,5.22,364,00:33:07,139,165,3.1,147,205,06:21,03:21,15,14,1.07,9.3,9,327,50.5% L / 49.5% R,0,0,0,33:07:00,00:00,0,00:00,No,00:05.4,44,0
Running,12/10/2019 09:03,FALSE,Woking Running,4.91,334,00:24:24,156,170,3.5,159,183,04:59,03:58,1,1,1.24,8.6,11,270,50.1% L / 49.9% R,0,0,0,24:24:00,00:00,0,00:00,No,04:25.7,5,0
Running,12/10/2019 08:02,FALSE,Woking Running,3.21,210,00:19:04,133,151,2.4,151,185,05:57,03:36,6,12,1.11,9.4,10.5,296,50.3% L / 49.7% R,0,0,0,19:04,00:00,0,00:00,No,01:07.4,4,0
Running,05/10/2019 09:37,FALSE,Bristol Running,1.13,92,08:40.3,131,144,1.7,147,163,07:40,05:23,14,15,0.96,10.8,10.3,304,50.7% L / 49.3% R,0,0,0,08:40.3,00:00,0,00:00,No,01:47.3,2,0
Running,05/10/2019 09:07,FALSE,Bristol Running,5.01,336,00:25:04,152,167,3.4,157,256,05:00,04:04,57,64,1.25,9,11.5,270,50.0% L / 50.0% R,0,0,0,25:04:00,00:00,0,00:00,No,00:02.0,6,0
Running,21/09/2019 09:37,FALSE,Woking Running,1.41,105,00:12:06,122,128,1.4,148,159,08:36,06:51,--,--,0.78,13.5,10.5,315,50.4% L / 49.6% R,0,0,0,12:06,00:00,0,00:00,No,03:28.6,2,0
Running,21/09/2019 09:06,FALSE,Woking Running,5.01,332,00:24:23,155,168,3.4,158,193,04:52,03:51,1,2,1.28,8.5,11.2,270,50.0% L / 50.0% R,0,0,0,24:23:00,00:00,0,00:00,No,00:01.9,6,0
Running,21/09/2019 08:04,FALSE,Woking Running,3.65,234,00:20:42,137,161,2.6,149,205,05:40,03:16,--,6,1.16,8.5,9.7,307,50.4% L / 49.6% R,0,0,0,20:42,00:00,0,00:00,No,00:30.0,19,0
Running,14/09/2019 09:33,FALSE,Woking Running,3.05,226,00:19:13,139,154,2.4,150,167,06:18,04:54,--,--,1.04,10.3,10.6,289,50.6% L / 49.4% R,0,0,0,19:13,00:00,0,00:00,No,00:19.5,4,0
Running,14/09/2019 09:06,FALSE,Woking Running,5.05,345,00:26:14,154,169,3.3,156,182,05:11,03:58,--,--,1.24,8.9,11,272,50.1% L / 49.9% R,0,0,0,26:14:00,00:00,0,00:00,No,00:39.7,7,0
Running,14/09/2019 08:14,FALSE,Woking Running,2.44,152,00:14:21,135,155,2.2,148,189,05:53,03:06,2,8,1.14,8.3,9,315,49.8% L / 50.2% R,0,0,0,14:21,00:00,0,00:00,No,00:30.0,18,0
Running,08/09/2019 09:35,FALSE,Woking Running,4.71,336,00:31:37,138,156,2.8,146,194,06:42,03:32,13,11,1.01,9.9,9.1,300,50.3% L / 49.7% R,0,0,0,31:37:00,00:00,0,00:00,No,00:10.7,43,0
Running,07/09/2019 09:06,FALSE,Woking Running,5.01,328,00:24:43,156,174,3.5,158,187,04:56,03:44,--,--,1.25,8.7,11,270,50.1% L / 49.9% R,0,0,0,24:43:00,00:00,0,00:00,No,00:01.9,6,0
Running,07/09/2019 08:08,FALSE,Woking Running,1.7,105,09:44.8,132,147,2,155,179,05:43,03:55,5,5,1.13,9.7,10.9,283,50.3% L / 49.7% R,0,0,0,09:44.8,00:00,0,00:00,No,04:01.8,2,0
Running,30/08/2019 08:54,FALSE,Vielle-Saint-Girons Running,6.38,417,00:37:51,136,156,3,155,191,05:56,04:15,38,39,1.08,9.9,10.9,283,50.4% L / 49.6% R,0,0,0,37:51:00,00:00,0,00:00,No,02:05.6,7,0
Running,29/08/2019 08:57,FALSE,Vielle-Saint-Girons Running,6.09,407,00:40:29,135,152,2.9,148,194,06:39,03:45,10,13,1.05,10.1,10.2,309,50.5% L / 49.5% R,0,0,0,40:29:00,00:00,0,00:00,No,00:30.0,44,0
Running,27/08/2019 08:48,FALSE,Lit-et-Mixe Running,10.01,688,00:54:49,149,182,4.3,154,167,05:29,04:59,37,36,1.17,9.9,11.8,274,50.8% L / 49.2% R,0,0,0,54:49:00,00:00,0,00:00,No,00:03.3,11,0
Running,26/08/2019 08:50,FALSE,Vielle-Saint-Girons Running,3.19,206,00:22:50,116,134,1.9,150,165,07:10,05:33,4,5,0.93,11.9,11.1,299,50.7% L / 49.3% R,0,0,0,22:50,00:00,0,00:00,No,01:19.8,4,0
Running,25/08/2019 08:55,FALSE,Vielle-Saint-Girons Running,7.21,469,00:40:26,142,163,3.3,155,171,05:36,05:04,35,34,1.12,10,11.4,277,50.7% L / 49.3% R,0,0,0,40:26:00,00:00,0,00:00,No,01:08.5,8,0
Running,24/08/2019 09:04,FALSE,Vielle-Saint-Girons Running,4.49,309,00:28:48,139,159,3,150,213,06:25,03:23,13,12,1.09,8.9,9.6,307,50.5% L / 49.5% R,0,0,0,28:48:00,00:00,0,00:00,No,00:30.0,34,0
Running,23/08/2019 08:54,FALSE,Vielle-Saint-Girons Running,5.57,370,00:31:53,143,167,3.1,154,190,05:43,04:21,38,37,1.12,9.6,10.9,286,50.4% L / 49.6% R,0,0,0,31:53:00,00:00,0,00:00,No,02:50.0,6,0
Running,21/08/2019 09:11,FALSE,Vielle-Saint-Girons Running,5.04,328,00:28:40,141,160,3,155,173,05:41,04:50,26,25,1.12,9.3,10.6,284,50.2% L / 49.8% R,0,0,0,28:40:00,00:00,0,00:00,No,00:01.5,7,0
Running,20/08/2019 09:53,FALSE,Vielle-Saint-Girons Running,5.45,391,00:35:08,141,167,3.3,151,226,06:27,03:28,10,10,1.13,9.5,10.1,309,50.4% L / 49.6% R,0,0,0,35:08:00,00:00,0,00:00,No,00:01.5,37,0
Running,19/08/2019 09:37,FALSE,Vielle-Saint-Girons Running,6.57,404,00:35:59,141,170,3.3,155,166,05:29,04:47,14,14,1.15,9.6,11.2,281,50.3% L / 49.7% R,0,0,0,35:59:00,00:00,0,00:00,No,02:58.1,7,0
Running,18/08/2019 09:35,FALSE,Vielle-Saint-Girons Running,6.19,382,00:35:06,140,168,3.3,155,171,05:40,04:35,23,23,1.12,9.9,11.2,281,50.6% L / 49.4% R,0,0,0,35:06:00,00:00,0,00:00,No,01:01.2,7,0
Running,27/07/2019 09:06,FALSE,Woking Running,4.85,302,00:36:00,116,137,2,153,179,07:25,04:57,2,3,0.89,11.5,10.2,302,50.5% L / 49.5% R,0,0,0,36:00:00,00:00,0,00:00,No,06:30.6,5,0
Running,06/07/2019 09:01,FALSE,Runnymede Running,4.78,354,00:27:03,153,198,3.6,153,233,05:39,04:10,51,56,1.12,9.7,11,284,50.1% L / 49.9% R,0,0,0,27:03:00,00:00,0,00:00,No,03:52.6,5,0
Running,04/07/2019 18:43,FALSE,Woking Running,4.72,294,00:26:20,135,162,3,153,180,05:35,04:59,10,12,1.16,9.8,11.6,285,50.9% L / 49.1% R,0,0,0,26:20:00,00:00,0,00:00,No,02:23.3,6,0
Running,29/06/2019 09:09,FALSE,Woking Running,5.01,342,00:25:01,160,187,4,157,195,05:00,03:25,--,1,1.25,9,11.4,269,50.3% L / 49.7% R,0,0,0,25:01:00,00:00,0,00:00,No,00:02.4,6,0
Running,29/06/2019 08:44,FALSE,Woking Running,1.42,102,00:10:22,131,159,2.1,137,188,07:18,03:16,--,--,1.03,8.9,8,341,49.6% L / 50.4% R,0,0,0,10:22,00:00,0,00:00,No,00:05.2,18,0
Running,21/06/2019 07:44,FALSE,Running,2.9,164,00:16:25,130,151,2.2,146,227,05:39,03:32,--,--,1.43,8.4,9.6,333,50.5% L / 49.5% R,0,0,0,16:25,00:00,0,00:00,No,00:30.0,22,0
Running,16/06/2019 13:07,FALSE,Woking Running,4.74,305,00:35:07,126,158,2.3,138,233,07:25,03:01,7,7,1.08,8.6,8.2,370,50.6% L / 49.4% R,0,0,0,35:07:00,00:00,0,00:00,No,00:01.5,46,0
Running,15/06/2019 09:35,FALSE,Woking Running,1.94,154,00:14:19,136,156,2.2,146,160,07:22,05:18,--,--,0.98,10.9,10.5,312,51.1% L / 48.9% R,0,0,0,14:19,00:00,0,00:00,No,01:07.3,4,0
Running,15/06/2019 09:06,FALSE,Woking Running,5.01,331,00:25:13,154,170,3.6,157,184,05:02,03:48,--,--,1.24,9.1,11.5,273,50.4% L / 49.6% R,0,0,0,25:13:00,00:00,0,00:00,No,00:02.7,6,0
Running,15/06/2019 08:17,FALSE,Woking Running,2.4,147,00:14:39,132,151,2.3,146,219,06:06,03:22,9,--,1.14,9,9.9,327,50.3% L / 49.7% R,0,0,0,14:39,00:00,0,00:00,No,00:02.2,19,0
Running,09/06/2019 10:54,FALSE,Woking Running,3.92,271,00:28:19,133,158,2.6,145,256,07:13,03:07,7,2,1.21,8.4,8.6,344,50.3% L / 49.7% R,0,0,0,28:19:00,00:00,0,00:00,No,00:30.0,42,0
Running,08/06/2019 09:33,FALSE,Woking Running,1.76,138,00:15:14,128,144,1.7,147,165,08:41,06:01,1,--,0.8,12.3,9.8,318,51.2% L / 48.8% R,0,0,0,15:14,00:00,0,00:00,No,06:45.8,2,0
Running,08/06/2019 09:05,FALSE,Woking Running,5.01,330,00:25:28,152,166,3.6,158,196,05:05,04:12,--,--,1.22,9,11.2,270,50.3% L / 49.7% R,0,0,0,25:28:00,00:00,0,00:00,No,00:03.3,6,0
Running,08/06/2019 08:09,FALSE,Woking Running,2.47,154,00:14:34,138,157,2.4,149,215,05:54,03:31,10,11,1.22,8.2,9.1,325,50.5% L / 49.5% R,0,0,0,14:34,00:00,0,00:00,No,00:30.0,18,0
Running,31/05/2019 09:03,FALSE,La Faute-sur-Mer Running,7.04,499,00:39:07,148,164,3.9,154,177,05:34,03:54,4,3,1.17,10.1,12.1,276,50.5% L / 49.5% R,0,0,0,39:07:00,00:00,0,00:00,No,00:42.7,8,0
Running,30/05/2019 09:21,FALSE,La Faute-sur-Mer Running,6.02,408,00:32:17,145,166,3.4,156,166,05:22,04:36,--,--,1.19,0,0,--,--,0,0,0,32:17:00,00:00,0,00:00,No,00:02.0,8,0
Running,29/05/2019 09:46,FALSE,La Tranche-sur-Mer Running,5.38,376,00:29:17,145,164,3.4,156,175,05:27,04:38,--,--,1.18,9.6,11.6,273,50.4% L / 49.6% R,0,0,0,29:17:00,00:00,0,00:00,No,01:47.8,6,0
Running,28/05/2019 08:50,FALSE,La Tranche-sur-Mer Running,5.1,312,00:28:18,132,159,3,154,207,05:33,04:05,6,5,1.16,9.6,11.2,283,50.6% L / 49.4% R,0,0,0,28:18:00,00:00,0,00:00,No,00:25.9,6,0
Running,27/05/2019 10:18,FALSE,La Tranche-sur-Mer Running,5.01,309,00:27:03,136,153,3,156,167,05:24,04:50,3,2,1.17,9.7,11.5,275,50.8% L / 49.2% R,0,0,0,27:03:00,00:00,0,00:00,No,00:04.4,6,0
Running,26/05/2019 19:23,FALSE,La Tranche-sur-Mer Running,3.3,207,00:21:36,123,144,2.2,147,158,06:33,04:47,9,4,1.07,10.3,11,311,50.8% L / 49.2% R,0,0,0,21:36,00:00,0,00:00,No,01:57.5,4,0
Running,19/05/2019 17:35,FALSE,Woking Running,5.95,391,00:39:35,138,164,3.1,146,226,06:39,03:13,13,6,1.27,9,9.7,321,50.7% L / 49.3% R,0,0,0,39:35:00,00:00,0,00:00,No,00:30.0,44,0
Running,11/05/2019 09:31,FALSE,Woking Running,1.06,84,08:02.6,133,146,1.9,151,183,07:33,05:02,--,--,0.89,11.8,10.3,309,51.2% L / 48.8% R,0,0,0,08:02.6,00:00,0,00:00,No,00:32.1,2,0
Running,11/05/2019 09:03,FALSE,Woking Running,5.01,334,00:24:55,156,168,3.7,159,197,04:58,04:09,1,--,1.24,8.9,11.2,266,50.8% L / 49.2% R,0,0,0,24:55:00,00:00,0,00:00,No,00:03.2,6,0
Running,11/05/2019 08:11,FALSE,Woking Running,2.39,167,00:14:30,139,157,2.5,148,185,06:04,03:29,11,11,1.16,8.4,9.3,318,50.6% L / 49.4% R,0,0,0,14:30,00:00,0,00:00,No,00:30.0,18,0
Running,01/05/2019 13:43,FALSE,Woking Running,3.91,230,00:26:16,128,163,2.2,155,224,06:43,03:01,2,9,0.96,0,0,--,--,0,0,0,26:16:00,00:00,0,00:00,No,00:30.0,42,0
Running,20/04/2019 09:03,FALSE,Woking Running,5.01,349,00:25:58,159,173,3.8,157,187,05:11,04:15,1,1,1.22,9.2,11.4,274,51.4% L / 48.6% R,0,0,0,25:58:00,00:00,0,00:00,No,00:02.2,6,0
Running,20/04/2019 08:18,FALSE,Woking Running,2.43,140,00:14:11,135,153,2.3,148,179,05:51,03:35,1,8,1.17,9.7,10.4,309,50.8% L / 49.3% R,0,0,0,14:11,00:00,0,00:00,No,00:30.0,18,0
Running,13/04/2019 09:35,FALSE,Solna Running,5.01,343,00:25:30,154,168,3.6,156,184,05:06,03:59,74,74,1.23,9.5,11.9,267,51.3% L / 48.7% R,0,0,0,25:30:00,00:00,0,00:00,No,00:01.9,6,0
Running,06/04/2019 09:34,FALSE,Woking Running,1.06,83,09:05.2,127,134,1.4,148,178,08:32,06:37,--,--,0.79,12.4,9.4,329,50.9% L / 49.1% R,0,0,0,09:05.2,00:00,0,00:00,No,00:31.2,2,0
Running,06/04/2019 09:01,TRUE,Woking Running,5.01,339,00:24:58,156,171,3.7,159,191,04:59,03:45,--,--,1.23,8.3,10.5,275,50.4% L / 49.6% R,0,0,0,24:58:00,00:00,0,00:00,No,00:01.9,6,0
Running,06/04/2019 08:08,FALSE,Woking Running,3.38,224,00:19:53,136,159,2.6,150,202,05:53,03:33,4,1,1.14,8.6,9.8,313,50.4% L / 49.6% R,0,0,0,19:53,00:00,0,00:00,No,00:30.0,19,0
Running,31/03/2019 09:29,FALSE,Woking Running,5.54,414,00:35:03,145,172,3.3,159,230,06:20,03:11,11,13,0.99,0,0,--,--,0,0,0,35:03:00,00:00,0,00:00,No,00:30.0,44,0
Running,30/03/2019 09:04,FALSE,Woking Running,5.01,311,00:23:52,148,187,3.4,160,182,04:46,03:36,--,2,1.31,0,0,--,--,0,0,0,23:52,00:00,0,00:00,No,00:02.2,6,0
Running,30/03/2019 08:05,FALSE,Woking Running,2.63,166,00:16:34,130,159,2.1,156,208,06:18,03:16,1,7,1,0,0,--,--,0,0,0,16:34,00:00,0,00:00,No,00:30.0,18,0
Running,24/03/2019 08:12,FALSE,Woking Running,2.15,177,00:20:46,121,161,2.3,159,194,09:39,03:10,5,--,0.65,0,0,--,--,0,0,0,20:46,00:00,0,00:00,No,00:06.9,19,0
Running,24/03/2019 07:59,FALSE,Woking Running,1.98,127,00:12:22,131,153,2.1,161,250,06:15,03:26,3,7,0.98,0,0,--,--,0,0,0,12:22,00:00,0,00:00,No,00:30.0,18,0
Running,23/03/2019 09:07,FALSE,Woking Running,5.01,272,00:24:13,137,153,2.7,159,188,04:50,03:33,--,--,1.3,0,0,--,--,0,0,0,24:13:00,00:00,0,00:00,No,00:02.0,6,0
Running,23/03/2019 08:09,FALSE,Woking Running,2.62,143,00:14:29,130,151,2.1,159,206,05:31,03:27,--,--,1.14,0,0,--,--,0,0,0,14:29,00:00,0,00:00,No,00:30.0,18,0
Running,17/03/2019 09:39,FALSE,Woking Running,5.07,331,00:33:09,137,152,2.8,159,232,06:33,03:22,8,14,0.96,0,0,--,--,0,0,0,33:09:00,00:00,0,00:00,No,00:30.0,43,0
Running,16/03/2019 09:31,FALSE,Woking - Running,2.01,264,00:18:35,167,181,3.5,144,246,09:16,05:05,1,2,0.75,0,0,--,--,0,0,0,18:35,00:00,0,00:00,No,00:04.2,3,0
Running,16/03/2019 09:04,FALSE,Woking - Running,5.02,353,00:24:39,163,182,3.9,159,182,04:55,03:44,--,--,1.28,0,0,--,--,0,0,0,24:39:00,00:00,0,00:00,No,00:02.8,6,0
Running,16/03/2019 08:04,FALSE,Woking - Running,2.73,180,00:16:50,133,146,2.3,158,194,06:10,03:17,--,6,1.02,0,0,--,--,0,0,0,16:50,00:00,0,00:00,No,00:30.0,18,0
Running,10/03/2019 09:12,FALSE,Woking - Running,5.02,345,00:33:08,135,158,2.7,159,194,06:36,03:31,15,14,0.95,0,0,--,--,0,0,0,33:08:00,00:00,0,00:00,No,00:30.0,43,0
Running,09/03/2019 09:32,FALSE,Woking - Running,2.01,196,00:22:00,125,167,2,140,248,10:57,04:47,1,1,0.65,0,0,--,--,0,0,0,22:00,00:00,0,00:00,No,00:06.3,3,0
Running,09/03/2019 09:05,FALSE,Woking - Running,5.03,307,00:24:29,145,167,3.2,158,186,04:52,04:08,--,--,1.3,0,0,--,--,0,0,0,24:29:00,00:00,0,00:00,No,00:14.0,6,0
Running,09/03/2019 08:10,FALSE,Woking - Running,2.39,156,00:14:33,135,150,2.3,157,184,06:05,03:25,1,8,1.04,0,0,--,--,0,0,0,14:33,00:00,0,00:00,No,00:30.0,18,0
Running,03/03/2019 08:19,FALSE,Woking - Running,4.1,288,00:27:06,137,158,2.8,154,194,06:37,03:18,1,7,0.98,0,0,--,--,0,0,0,27:06:00,00:00,0,00:00,No,00:30.0,42,0
Running,02/03/2019 09:36,FALSE,Woking - Running,2.03,184,00:14:37,150,176,2.5,148,243,07:11,04:59,--,--,0.94,0,0,--,--,0,0,0,14:37,00:00,0,00:00,No,00:16.8,3,0
Running,02/03/2019 09:07,FALSE,Woking - Running,5.01,321,00:24:52,149,167,3.3,157,189,04:58,03:50,--,--,1.28,0,0,--,--,0,0,0,24:52:00,00:00,0,00:00,No,00:03.2,6,0
Running,02/03/2019 08:03,FALSE,Woking - Running,2.66,172,00:16:26,132,159,2.3,158,184,06:11,03:26,9,9,1.01,0,0,--,--,0,0,0,16:26,00:00,0,00:00,No,00:30.0,22,0
Running,01/03/2019 14:13,FALSE,Guildford - Running,1.08,82,00:11:26,98,117,1.2,121,141,10:33,04:42,--,8,0.78,0,0,--,--,0,0,0,11:26,00:00,0,00:00,No,02:42.9,2,0
Running,01/03/2019 12:12,FALSE,Guildford - Running,1.59,111,00:16:23,91,115,1.2,119,162,10:19,07:30,17,--,0.81,0,0,--,--,0,0,0,16:23,00:00,0,00:00,No,06:37.9,2,0
Running,27/02/2019 13:10,FALSE,Guildford - Running,3.2,187,00:32:30,77,93,1.3,119,237,10:09,06:35,14,16,0.83,0,0,--,--,0,0,0,32:30:00,00:00,0,00:00,No,02:36.1,4,0
Running,26/02/2019 18:00,FALSE,Guildford - Running,3.48,180,01:04:03,75,128,1,117,124,18:24,09:04,--,--,0.46,0,0,--,--,0,0,0,01:04:03,00:00,0,00:00,No,09:57.5,4,0
Running,24/02/2019 09:45,FALSE,Woking - Running,3.96,262,00:27:08,132,151,2.4,155,217,06:52,03:26,5,6,0.94,0,0,--,--,0,0,0,27:08:00,00:00,0,00:00,No,00:01.5,45,0
Running,23/02/2019 09:31,FALSE,Woking Running,1.72,153,00:15:24,131,158,2,130,238,08:56,06:40,1,--,0.86,0,0,--,--,0,0,0,15:24,00:00,0,00:00,No,08:53.4,2,0
Running,23/02/2019 09:03,FALSE,Woking Running,5.01,334,00:25:00,153,172,3.4,157,182,05:00,03:44,--,--,1.28,0,0,--,--,0,0,0,25:00:00,00:00,0,00:00,No,04:44.9,6,0
Running,23/02/2019 08:12,FALSE,Woking Running,2.64,197,00:16:20,144,161,2.8,156,184,06:11,03:23,1,--,1.02,0,0,--,--,0,0,0,16:20,00:00,0,00:00,No,00:30.0,22,0
Running,19/02/2019 13:21,FALSE,Guildford Running,4.12,261,00:43:13,71,96,1.3,118,248,10:29,04:38,7,13,0.8,0,0,--,--,0,0,0,43:13:00,00:00,0,00:00,No,09:59.1,5,0
Running,17/02/2019 11:01,FALSE,Woking Running,5.12,352,00:33:40,134,150,2.6,155,199,06:35,03:25,4,10,0.98,0,0,--,--,0,0,0,33:40:00,00:00,0,00:00,No,00:30.0,43,0
Running,16/02/2019 09:09,FALSE,Park run Woking,5.01,303,00:24:39,144,177,3.2,158,208,04:55,03:55,--,--,1.29,0,0,--,--,0,0,0,24:39:00,00:00,0,00:00,No,04:47.1,6,0
Running,16/02/2019 08:15,FALSE,Woking Running,0.58,38,03:07.5,143,154,1.5,157,162,05:23,04:59,--,--,1.18,0,0,--,--,0,0,0,03:07.5,00:00,0,00:00,No,00:00.0,1,0
Running,16/02/2019 08:05,FALSE,Woking Running,1.52,107,09:39.8,138,160,2.1,163,184,06:22,03:25,--,--,0.96,0,0,--,--,0,0,0,09:39.8,00:00,0,00:00,No,00:30.0,20,0
Running,16/02/2019 08:01,FALSE,Woking Running,0.6,30,03:14.8,120,139,1.2,156,175,05:22,04:58,--,7,1.2,0,0,--,--,0,0,0,03:14.8,00:00,0,00:00,No,00:00.0,1,0
Running,16/02/2019 07:57,FALSE,Woking Running,0,--,00:04.3,54,55,1,--,--,--,--,--,--,0,0,0,--,--,0,0,0,00:04.3,00:00,0,00:00,No,00:00.0,1,0
Running,12/02/2019 18:06,FALSE,Guildford Running,2.01,131,00:20:18,74,92,1.3,116,158,10:06,06:38,25,--,0.85,0,0,--,--,0,0,0,20:18,00:00,0,00:00,No,10:00.9,3,0
Running,10/02/2019 15:58,FALSE,Woking Running,5.64,370,00:31:43,141,163,3.2,154,165,05:37,04:27,23,20,1.16,0,0,--,--,0,0,0,31:43:00,00:00,0,00:00,No,05:22.8,6,0
Running,10/02/2019 15:55,FALSE,Running,0,--,00:02.9,60,62,1,--,--,--,--,--,--,0,0,0,--,--,0,0,0,00:02.9,00:00,0,00:00,No,00:00.0,1,0
Running,09/02/2019 12:46,FALSE,Woking Running,2.19,138,00:12:48,133,153,2.2,154,162,05:51,04:59,6,13,1.11,0,0,--,--,0,0,0,12:48,00:00,0,00:00,No,05:34.9,3,0
Running,09/02/2019 09:08,FALSE,Woking Park run,5.11,327,00:25:46,153,172,3.6,157,194,05:03,04:06,--,--,1.26,0,0,--,--,0,0,0,25:46:00,00:00,0,00:00,No,00:12.1,7,0
Running,09/02/2019 08:09,FALSE,Warm up,2.1,141,00:11:42,144,157,2.5,155,167,05:34,04:47,7,3,1.15,0,0,--,--,0,0,0,11:42,00:00,0,00:00,No,05:12.2,3,0
Running,07/02/2019 13:05,FALSE,Guildford Running,3.06,212,00:36:11,74,97,1.4,120,250,11:49,06:44,17,17,0.7,0,0,--,--,0,0,0,36:11:00,00:00,0,00:00,No,09:11.3,4,0
Running,06/02/2019 13:08,FALSE,Guildford Running,3.13,168,00:33:38,72,88,1.3,119,240,10:46,05:55,8,8,0.79,0,0,--,--,0,0,0,33:38:00,00:00,0,00:00,No,00:01.7,7,0
Running,05/02/2019 18:04,FALSE,Guildford Running,4.53,208,01:12:12,72,105,1.1,117,146,15:56,09:24,1,1,0.54,0,0,--,--,0,0,0,01:12:12,00:00,0,00:00,No,00:03.4,9,0
Running,05/02/2019 13:11,FALSE,Guildford Running,3.76,244,00:38:55,76,106,1.4,124,249,10:20,05:41,17,17,0.78,0,0,--,--,0,0,0,38:55:00,00:00,0,00:00,No,09:37.0,4,0
Trail Running,03/02/2019 12:55,FALSE,Woking Running,5.64,372,00:30:14,146,167,3.5,157,170,05:22,04:14,22,20,1.19,0,0,--,--,0,0,0,30:14:00,00:00,0,00:00,No,05:06.7,6,0
Running,02/02/2019 09:07,FALSE,Guildford Park run,5,337,00:26:00,152,181,3.6,155,171,05:12,03:58,19,16,1.24,0,0,--,--,0,0,0,26:00:00,00:00,0,00:00,No,05:07.7,5,0
Running,02/02/2019 08:50,FALSE,Guildford Running,0.41,30,03:31.3,116,133,1.2,137,173,08:31,04:20,--,--,0.86,0,0,--,--,0,0,0,03:31.3,00:00,0,00:00,No,00:00.0,1,0
Running,28/01/2019 13:15,FALSE,Lunchtime walk,1.93,133,00:24:40,74,94,1.3,117,222,12:45,07:25,--,--,0.67,0,0,--,--,0,0,0,24:40:00,00:00,0,00:00,No,00:00.0,2,0
Running,26/01/2019 09:34,FALSE,Parkrun Helen,1.94,185,00:17:38,135,168,2.2,131,232,09:05,05:12,2,2,0.84,0,0,--,--,0,0,0,17:38,00:00,0,00:00,No,00:00.0,2,0
Running,26/01/2019 09:05,FALSE,Woking Parkrun,4.96,325,00:24:38,153,166,3.5,157,172,04:58,04:08,--,--,1.29,0,0,--,--,0,0,0,24:38:00,00:00,0,00:00,No,00:00.0,5,0
Running,26/01/2019 08:45,FALSE,Parkrun warm up,1.46,96,00:10:00,130,153,2,157,178,06:51,03:27,1,--,0.91,0,0,--,--,0,0,0,10:00,00:00,0,00:00,No,00:00.0,20,0
Running,24/01/2019 13:08,FALSE,Lunchtime walk,2.73,188,00:27:11,84,124,1.4,123,245,09:58,04:36,17,15,0.81,0,0,--,--,0,0,0,27:11:00,00:00,0,00:00,No,00:00.0,4,0
Running,22/01/2019 13:26,FALSE,Lunchtime walk,3.21,178,00:34:47,72,98,1.3,119,153,10:51,07:46,7,7,0.78,0,0,--,--,0,0,0,34:47:00,00:00,0,00:00,No,00:00.0,4,0
Running,21/01/2019 13:15,FALSE,Lunchtime walk,2.01,144,00:30:56,70,95,1.2,118,233,15:24,04:55,1,1,0.55,0,0,--,--,0,0,0,30:56:00,00:00,0,00:00,No,00:00.0,3,0
Running,20/01/2019 15:56,FALSE,Woking Running,0.38,35,03:06.7,135,146,1.4,156,164,08:11,04:37,--,--,1.24,0,0,--,--,0,0,0,03:06.7,00:00,0,00:00,No,00:00.0,1,0
Running,20/01/2019 15:45,FALSE,Woking Running,1.57,107,09:54.8,137,154,2.2,164,186,06:19,03:13,--,--,0.95,0,0,--,--,0,0,0,09:54.8,00:00,0,00:00,No,00:00.0,21,0
Running,20/01/2019 15:32,FALSE,Woking Running,1.45,105,00:10:35,133,153,2.2,162,182,07:20,03:24,--,--,0.87,0,0,--,--,0,0,0,10:35,00:00,0,00:00,No,00:00.0,22,0
Running,20/01/2019 15:12,FALSE,Woking Running,3.37,202,00:18:21,137,161,2.7,154,166,05:27,04:50,11,16,1.19,0,0,--,--,0,0,0,18:21,00:00,0,00:00,No,00:00.0,4,0
Running,17/01/2019 14:12,FALSE,Lunchtime walking,2.34,150,00:25:24,84,108,1.4,122,168,10:52,07:07,--,28,0.76,0,0,--,--,0,0,0,25:24:00,00:00,0,00:00,No,00:00.0,3,0
Running,17/01/2019 12:26,FALSE,Lunchtime walking,1.72,124,00:20:37,75,97,1.3,113,135,11:59,08:43,22,--,0.74,0,0,--,--,0,0,0,20:37,00:00,0,00:00,No,00:00.0,2,0
Running,13/01/2019 16:40,FALSE,Woking Running,0.61,38,03:14.6,144,152,1.6,157,162,05:20,04:53,--,--,1.2,0,0,--,--,0,0,0,03:14.6,00:00,0,00:00,No,00:00.0,1,0
Running,13/01/2019 16:29,FALSE,Woking Running,1.52,109,00:10:08,141,159,2.3,165,184,06:40,03:12,--,--,0.9,0,0,--,--,0,0,0,10:08,00:00,0,00:00,No,00:00.0,21,0
Running,13/01/2019 16:14,FALSE,Woking Running,1.53,99,00:10:27,131,151,2.1,159,178,06:51,03:21,--,--,0.91,0,0,--,--,0,0,0,10:27,00:00,0,00:00,No,00:00.0,22,0
Running,13/01/2019 16:02,FALSE,Woking Running,1.78,105,00:10:09,133,158,2.1,154,164,05:43,04:59,6,13,1.14,0,0,--,--,0,0,0,10:09,00:00,0,00:00,No,00:00.0,2,0
Running,12/01/2019 09:03,FALSE,Woking Park Run,4.88,302,00:24:14,158,174,3.7,156,202,04:58,03:47,--,--,1.27,0,0,--,--,0,0,0,24:14:00,00:00,0,00:00,No,00:00.0,4,0
Running,12/01/2019 08:51,FALSE,Woking Running,0.92,64,06:08.0,134,145,1.8,164,174,06:40,03:41,--,--,0.91,0,0,--,--,0,0,0,06:08.0,00:00,0,00:00,No,00:00.0,1,0
Running,06/01/2019 12:20,FALSE,Woking Running,5.64,272,00:29:45,130,167,2.5,157,172,05:17,03:42,18,22,1.21,0,0,--,--,0,0,0,29:45:00,00:00,0,00:00,No,00:00.0,4,0
Running,27/12/2018 15:26,FALSE,Woking Running,4.16,261,00:26:22,129,159,3.4,159,187,06:20,03:07,6,6,1.27,0,0,--,--,0,0,0,26:22:00,00:00,0,00:00,No,00:00.0,3,0
Running,26/12/2018 15:20,FALSE,Running,6.66,334,00:31:08,137,163,4.1,155,171,04:41,03:52,--,--,1.39,0,0,--,--,0,0,0,31:08:00,00:00,0,00:00,No,00:00.0,5,0
